STRUCTURE,STRUCTURE_ID,STRUCTURE_NAME,ACTION,REF_AREA,Reference area,MEASURE,Measure,UNIT_MEASURE,Unit of measure,PAY_PERIOD,Pay period,PRICE_BASE,Price base,AGGREGATION_OPERATION,Aggregation operation,SEX,Sex,TIME_PERIOD,Time period,OBS_VALUE,Observation value,BASE_PER,Base period,OBS_STATUS,Observation status,UNIT_MULT,Unit multiplier,DECIMALS,Decimals
DATAFLOW,OECD.ELS.SAE:DSD_EARNINGS@AV_AN_WAGE(1.0),Average annual wages,I,BEL,Belgium,WG,Wages,USD_PPP,"US dollars, PPP converted",A,Annual,Q,Constant prices,MEAN,Mean,_Z,Not applicable,1990,,58012.692,,2024,,A,Normal value,0,Units,0,Zero
DATAFLOW,OECD.ELS.SAE:DSD_EARNINGS@AV_AN_WAGE(1.0),Average annual wages,I,BEL,Belgium,WG,Wages,USD_PPP,"US dollars, PPP converted",A,Annual,Q,Constant prices,MEAN,Mean,_Z,Not applicable,1991,,60561.112,,2024,,A,Normal value,0,Units,0,Zero
DATAFLOW,OECD.ELS.SAE:DSD_EARNINGS@AV_AN_WAGE(1.0),Average annual wages,I,BEL,Belgium,WG,Wages,USD_PPP,"US dollars, PPP converted",A,Annual,Q,Constant prices,MEAN,Mean,_Z,Not applicable,1992,,62503.058,,2024,,A,Normal value,0,Units,0,Zero
DATAFLOW,OECD.ELS.SAE:DSD_EARNINGS@AV_AN_WAGE(1.0),Average annual wages,I,BEL,Belgium,WG,Wages,USD_PPP,"US dollars, PPP converted",A,Annual,Q,Constant prices,MEAN,Mean,_Z,Not applicable,1993,,63816.775,,2024,,A,Normal value,0,Units,0,Zero
DATAFLOW,OECD.ELS.SAE:DSD_EARNINGS@AV_AN_WAGE(1.0),Average annual wages,I,BEL,Belgium,WG,Wages,USD_PPP,"US dollars, PPP converted",A,Annual,Q,Constant prices,MEAN,Mean,_Z,Not applicable,1994,,65054.923,,2024,,A,Normal value,0,Units,0,Zero
DATAFLOW,OECD.ELS.SAE:DSD_EARNINGS@AV_AN_WAGE(1.0),Average annual wages,I,BEL,Belgium,WG,Wages,USD_PPP,"US dollars, PPP converted",A,Annual,Q,Constant prices,MEAN,Mean,_Z,Not applicable,1995,,64833.577,,2024,,A,Normal value,0,Units,0,Zero
DATAFLOW,OECD.ELS.SAE:DSD_EARNINGS@AV_AN_WAGE(1.0),Average annual wages,I,BEL,Belgium,WG,Wages,USD_PPP,"US dollars, PPP converted",A,Annual,Q,Constant prices,MEAN,Mean,_Z,Not applicable,1996,,65646.363,,2024,,A,Normal value,0,Units,0,Zero
DATAFLOW,OECD.ELS.SAE:DSD_EARNINGS@AV_AN_WAGE(1.0),Average annual wages,I,BEL,Belgium,WG,Wages,USD_PPP,"US dollars, PPP converted",A,Annual,Q,Constant prices,MEAN,Mean,_Z,Not applicable,1997,,66483.432,,2024,,A,Normal value,0,Units,0,Zero
DATAFLOW,OECD.ELS.SAE:DSD_EARNINGS@AV_AN_WAGE(1.0),Average annual wages,I,BEL,Belgium,WG,Wages,USD_PPP,"US dollars, PPP converted",A,Annual,Q,Constant prices,MEAN,Mean,_Z,Not applicable,1998,,66523.307,,2024,,A,Normal value,0,Units,0,Zero
DATAFLOW,OECD.ELS.SAE:DSD_EARNINGS@AV_AN_WAGE(1.0),Average annual wages,I,BEL,Belgium,WG,Wages,USD_PPP,"US dollars, PPP converted",A,Annual,Q,Constant prices,MEAN,Mean,_Z,Not applicable,1999,,70231.232,,2024,,A,Normal value,0,Units,0,Zero
DATAFLOW,OECD.ELS.SAE:DSD_EARNINGS@AV_AN_WAGE(1.0),Average annual wages,I,BEL,Belgium,WG,Wages,USD_PPP,"US dollars, PPP converted",A,Annual,Q,Constant prices,MEAN,Mean,_Z,Not applicable,2000,,69596.967,,2024,,A,Normal value,0,Units,0,Zero
DATAFLOW,OECD.ELS.SAE:DSD_EARNINGS@AV_AN_WAGE(1.0),Average annual wages,I,BEL,Belgium,WG,Wages,USD_PPP,"US dollars, PPP converted",A,Annual,Q,Constant prices,MEAN,Mean,_Z,Not applicable,2001,,69809.073,,2024,,A,Normal value,0,Units,0,Zero
DATAFLOW,OECD.ELS.SAE:DSD_EARNINGS@AV_AN_WAGE(1.0),Average annual wages,I,BEL,Belgium,WG,Wages,USD_PPP,"US dollars, PPP converted",A,Annual,Q,Constant prices,MEAN,Mean,_Z,Not applicable,2002,,71611.282,,2024,,A,Normal value,0,Units,0,Zero
DATAFLOW,OECD.ELS.SAE:DSD_EARNINGS@AV_AN_WAGE(1.0),Average annual wages,I,BEL,Belgium,WG,Wages,USD_PPP,"US dollars, PPP converted",A,Annual,Q,Constant prices,MEAN,Mean,_Z,Not applicable,2003,,72038.155,,2024,,A,Normal value,0,Units,0,Zero
DATAFLOW,OECD.ELS.SAE:DSD_EARNINGS@AV_AN_WAGE(1.0),Average annual wages,I,BEL,Belgium,WG,Wages,USD_PPP,"US dollars, PPP converted",A,Annual,Q,Constant prices,MEAN,Mean,_Z,Not applicable,2004,,71660.301,,2024,,A,Normal value,0,Units,0,Zero
DATAFLOW,OECD.ELS.SAE:DSD_EARNINGS@AV_AN_WAGE(1.0),Average annual wages,I,BEL,Belgium,WG,Wages,USD_PPP,"US dollars, PPP converted",A,Annual,Q,Constant prices,MEAN,Mean,_Z,Not applicable,2005,,70980.025,,2024,,A,Normal value,0,Units,0,Zero
DATAFLOW,OECD.ELS.SAE:DSD_EARNINGS@AV_AN_WAGE(1.0),Average annual wages,I,BEL,Belgium,WG,Wages,USD_PPP,"US dollars, PPP converted",A,Annual,Q,Constant prices,MEAN,Mean,_Z,Not applicable,2006,,71462.223,,2024,,A,Normal value,0,Units,0,Zero
DATAFLOW,OECD.ELS.SAE:DSD_EARNINGS@AV_AN_WAGE(1.0),Average annual wages,I,BEL,Belgium,WG,Wages,USD_PPP,"US dollars, PPP converted",A,Annual,Q,Constant prices,MEAN,Mean,_Z,Not applicable,2007,,71329.639,,2024,,A,Normal value,0,Units,0,Zero
DATAFLOW,OECD.ELS.SAE:DSD_EARNINGS@AV_AN_WAGE(1.0),Average annual wages,I,BEL,Belgium,WG,Wages,USD_PPP,"US dollars, PPP converted",A,Annual,Q,Constant prices,MEAN,Mean,_Z,Not applicable,2008,,71637.445,,2024,,A,Normal value,0,Units,0,Zero
DATAFLOW,OECD.ELS.SAE:DSD_EARNINGS@AV_AN_WAGE(1.0),Average annual wages,I,BEL,Belgium,WG,Wages,USD_PPP,"US dollars, PPP converted",A,Annual,Q,Constant prices,MEAN,Mean,_Z,Not applicable,2009,,72634.832,,2024,,A,Normal value,0,Units,0,Zero
DATAFLOW,OECD.ELS.SAE:DSD_EARNINGS@AV_AN_WAGE(1.0),Average annual wages,I,BEL,Belgium,WG,Wages,USD_PPP,"US dollars, PPP converted",A,Annual,Q,Constant prices,MEAN,Mean,_Z,Not applicable,2010,,72299.056,,2024,,A,Normal value,0,Units,0,Zero
DATAFLOW,OECD.ELS.SAE:DSD_EARNINGS@AV_AN_WAGE(1.0),Average annual wages,I,BEL,Belgium,WG,Wages,USD_PPP,"US dollars, PPP converted",A,Annual,Q,Constant prices,MEAN,Mean,_Z,Not applicable,2011,,73038.155,,2024,,A,Normal value,0,Units,0,Zero
DATAFLOW,OECD.ELS.SAE:DSD_EARNINGS@AV_AN_WAGE(1.0),Average annual wages,I,BEL,Belgium,WG,Wages,USD_PPP,"US dollars, PPP converted",A,Annual,Q,Constant prices,MEAN,Mean,_Z,Not applicable,2012,,73628.817,,2024,,A,Normal value,0,Units,0,Zero
DATAFLOW,OECD.ELS.SAE:DSD_EARNINGS@AV_AN_WAGE(1.0),Average annual wages,I,BEL,Belgium,WG,Wages,USD_PPP,"US dollars, PPP converted",A,Annual,Q,Constant prices,MEAN,Mean,_Z,Not applicable,2013,,74358.208,,2024,,A,Normal value,0,Units,0,Zero
DATAFLOW,OECD.ELS.SAE:DSD_EARNINGS@AV_AN_WAGE(1.0),Average annual wages,I,BEL,Belgium,WG,Wages,USD_PPP,"US dollars, PPP converted",A,Annual,Q,Constant prices,MEAN,Mean,_Z,Not applicable,2014,,74774.678,,2024,,A,Normal value,0,Units,0,Zero
DATAFLOW,OECD.ELS.SAE:DSD_EARNINGS@AV_AN_WAGE(1.0),Average annual wages,I,BEL,Belgium,WG,Wages,USD_PPP,"US dollars, PPP converted",A,Annual,Q,Constant prices,MEAN,Mean,_Z,Not applicable,2015,,74266.295,,2024,,A,Normal value,0,Units,0,Zero
DATAFLOW,OECD.ELS.SAE:DSD_EARNINGS@AV_AN_WAGE(1.0),Average annual wages,I,BEL,Belgium,WG,Wages,USD_PPP,"US dollars, PPP converted",A,Annual,Q,Constant prices,MEAN,Mean,_Z,Not applicable,2016,,74425.268,,2024,,A,Normal value,0,Units,0,Zero
DATAFLOW,OECD.ELS.SAE:DSD_EARNINGS@AV_AN_WAGE(1.0),Average annual wages,I,BEL,Belgium,WG,Wages,USD_PPP,"US dollars, PPP converted",A,Annual,Q,Constant prices,MEAN,Mean,_Z,Not applicable,2017,,73904.426,,2024,,A,Normal value,0,Units,0,Zero
DATAFLOW,OECD.ELS.SAE:DSD_EARNINGS@AV_AN_WAGE(1.0),Average annual wages,I,BEL,Belgium,WG,Wages,USD_PPP,"US dollars, PPP converted",A,Annual,Q,Constant prices,MEAN,Mean,_Z,Not applicable,2018,,74341.899,,2024,,A,Normal value,0,Units,0,Zero
DATAFLOW,OECD.ELS.SAE:DSD_EARNINGS@AV_AN_WAGE(1.0),Average annual wages,I,BEL,Belgium,WG,Wages,USD_PPP,"US dollars, PPP converted",A,Annual,Q,Constant prices,MEAN,Mean,_Z,Not applicable,2019,,75073.885,,2024,,A,Normal value,0,Units,0,Zero
DATAFLOW,OECD.ELS.SAE:DSD_EARNINGS@AV_AN_WAGE(1.0),Average annual wages,I,BEL,Belgium,WG,Wages,USD_PPP,"US dollars, PPP converted",A,Annual,Q,Constant prices,MEAN,Mean,_Z,Not applicable,2020,,72792.596,,2024,,A,Normal value,0,Units,0,Zero
DATAFLOW,OECD.ELS.SAE:DSD_EARNINGS@AV_AN_WAGE(1.0),Average annual wages,I,BEL,Belgium,WG,Wages,USD_PPP,"US dollars, PPP converted",A,Annual,Q,Constant prices,MEAN,Mean,_Z,Not applicable,2021,,75091.965,,2024,,A,Normal value,0,Units,0,Zero
DATAFLOW,OECD.ELS.SAE:DSD_EARNINGS@AV_AN_WAGE(1.0),Average annual wages,I,BEL,Belgium,WG,Wages,USD_PPP,"US dollars, PPP converted",A,Annual,Q,Constant prices,MEAN,Mean,_Z,Not applicable,2022,,73530.44,,2024,,A,Normal value,0,Units,0,Zero
DATAFLOW,OECD.ELS.SAE:DSD_EARNINGS@AV_AN_WAGE(1.0),Average annual wages,I,BEL,Belgium,WG,Wages,USD_PPP,"US dollars, PPP converted",A,Annual,Q,Constant prices,MEAN,Mean,_Z,Not applicable,2023,,75661.615,,2024,,A,Normal value,0,Units,0,Zero
DATAFLOW,OECD.ELS.SAE:DSD_EARNINGS@AV_AN_WAGE(1.0),Average annual wages,I,BEL,Belgium,WG,Wages,USD_PPP,"US dollars, PPP converted",A,Annual,Q,Constant prices,MEAN,Mean,_Z,Not applicable,2024,,76108.816,,2024,,A,Normal value,0,Units,0,Zero
DATAFLOW,OECD.ELS.SAE:DSD_EARNINGS@AV_AN_WAGE(1.0),Average annual wages,I,FRA,France,WG,Wages,USD_PPP,"US dollars, PPP converted",A,Annual,Q,Constant prices,MEAN,Mean,_Z,Not applicable,1990,,45417.772,,2024,,A,Normal value,0,Units,0,Zero
DATAFLOW,OECD.ELS.SAE:DSD_EARNINGS@AV_AN_WAGE(1.0),Average annual wages,I,FRA,France,WG,Wages,USD_PPP,"US dollars, PPP converted",A,Annual,Q,Constant prices,MEAN,Mean,_Z,Not applicable,1991,,45943.63,,2024,,A,Normal value,0,Units,0,Zero
DATAFLOW,OECD.ELS.SAE:DSD_EARNINGS@AV_AN_WAGE(1.0),Average annual wages,I,FRA,France,WG,Wages,USD_PPP,"US dollars, PPP converted",A,Annual,Q,Constant prices,MEAN,Mean,_Z,Not applicable,1992,,46460.651,,2024,,A,Normal value,0,Units,0,Zero
DATAFLOW,OECD.ELS.SAE:DSD_EARNINGS@AV_AN_WAGE(1.0),Average annual wages,I,FRA,France,WG,Wages,USD_PPP,"US dollars, PPP converted",A,Annual,Q,Constant prices,MEAN,Mean,_Z,Not applicable,1993,,46993.229,,2024,,A,Normal value,0,Units,0,Zero
DATAFLOW,OECD.ELS.SAE:DSD_EARNINGS@AV_AN_WAGE(1.0),Average annual wages,I,FRA,France,WG,Wages,USD_PPP,"US dollars, PPP converted",A,Annual,Q,Constant prices,MEAN,Mean,_Z,Not applicable,1994,,47189.503,,2024,,A,Normal value,0,Units,0,Zero
DATAFLOW,OECD.ELS.SAE:DSD_EARNINGS@AV_AN_WAGE(1.0),Average annual wages,I,FRA,France,WG,Wages,USD_PPP,"US dollars, PPP converted",A,Annual,Q,Constant prices,MEAN,Mean,_Z,Not applicable,1995,,47889.155,,2024,,A,Normal value,0,Units,0,Zero
DATAFLOW,OECD.ELS.SAE:DSD_EARNINGS@AV_AN_WAGE(1.0),Average annual wages,I,FRA,France,WG,Wages,USD_PPP,"US dollars, PPP converted",A,Annual,Q,Constant prices,MEAN,Mean,_Z,Not applicable,1996,,48033.281,,2024,,A,Normal value,0,Units,0,Zero
DATAFLOW,OECD.ELS.SAE:DSD_EARNINGS@AV_AN_WAGE(1.0),Average annual wages,I,FRA,France,WG,Wages,USD_PPP,"US dollars, PPP converted",A,Annual,Q,Constant prices,MEAN,Mean,_Z,Not applicable,1997,,48568.269,,2024,,A,Normal value,0,Units,0,Zero
DATAFLOW,OECD.ELS.SAE:DSD_EARNINGS@AV_AN_WAGE(1.0),Average annual wages,I,FRA,France,WG,Wages,USD_PPP,"US dollars, PPP converted",A,Annual,Q,Constant prices,MEAN,Mean,_Z,Not applicable,1998,,49318.756,,2024,,A,Normal value,0,Units,0,Zero
DATAFLOW,OECD.ELS.SAE:DSD_EARNINGS@AV_AN_WAGE(1.0),Average annual wages,I,FRA,France,WG,Wages,USD_PPP,"US dollars, PPP converted",A,Annual,Q,Constant prices,MEAN,Mean,_Z,Not applicable,1999,,50404.58,,2024,,A,Normal value,0,Units,0,Zero
DATAFLOW,OECD.ELS.SAE:DSD_EARNINGS@AV_AN_WAGE(1.0),Average annual wages,I,FRA,France,WG,Wages,USD_PPP,"US dollars, PPP converted",A,Annual,Q,Constant prices,MEAN,Mean,_Z,Not applicable,2000,,50645.173,,2024,,A,Normal value,0,Units,0,Zero
DATAFLOW,OECD.ELS.SAE:DSD_EARNINGS@AV_AN_WAGE(1.0),Average annual wages,I,FRA,France,WG,Wages,USD_PPP,"US dollars, PPP converted",A,Annual,Q,Constant prices,MEAN,Mean,_Z,Not applicable,2001,,50963.945,,2024,,A,Normal value,0,Units,0,Zero
DATAFLOW,OECD.ELS.SAE:DSD_EARNINGS@AV_AN_WAGE(1.0),Average annual wages,I,FRA,France,WG,Wages,USD_PPP,"US dollars, PPP converted",A,Annual,Q,Constant prices,MEAN,Mean,_Z,Not applicable,2002,,52339.283,,2024,,A,Normal value,0,Units,0,Zero
DATAFLOW,OECD.ELS.SAE:DSD_EARNINGS@AV_AN_WAGE(1.0),Average annual wages,I,FRA,France,WG,Wages,USD_PPP,"US dollars, PPP converted",A,Annual,Q,Constant prices,MEAN,Mean,_Z,Not applicable,2003,,52766.169,,2024,,A,Normal value,0,Units,0,Zero
DATAFLOW,OECD.ELS.SAE:DSD_EARNINGS@AV_AN_WAGE(1.0),Average annual wages,I,FRA,France,WG,Wages,USD_PPP,"US dollars, PPP converted",A,Annual,Q,Constant prices,MEAN,Mean,_Z,Not applicable,2004,,53626.317,,2024,,A,Normal value,0,Units,0,Zero
DATAFLOW,OECD.ELS.SAE:DSD_EARNINGS@AV_AN_WAGE(1.0),Average annual wages,I,FRA,France,WG,Wages,USD_PPP,"US dollars, PPP converted",A,Annual,Q,Constant prices,MEAN,Mean,_Z,Not applicable,2005,,54272.509,,2024,,A,Normal value,0,Units,0,Zero
DATAFLOW,OECD.ELS.SAE:DSD_EARNINGS@AV_AN_WAGE(1.0),Average annual wages,I,FRA,France,WG,Wages,USD_PPP,"US dollars, PPP converted",A,Annual,Q,Constant prices,MEAN,Mean,_Z,Not applicable,2006,,54878.616,,2024,,A,Normal value,0,Units,0,Zero
DATAFLOW,OECD.ELS.SAE:DSD_EARNINGS@AV_AN_WAGE(1.0),Average annual wages,I,FRA,France,WG,Wages,USD_PPP,"US dollars, PPP converted",A,Annual,Q,Constant prices,MEAN,Mean,_Z,Not applicable,2007,,55079.217,,2024,,A,Normal value,0,Units,0,Zero
DATAFLOW,OECD.ELS.SAE:DSD_EARNINGS@AV_AN_WAGE(1.0),Average annual wages,I,FRA,France,WG,Wages,USD_PPP,"US dollars, PPP converted",A,Annual,Q,Constant prices,MEAN,Mean,_Z,Not applicable,2008,,54973.952,,2024,,A,Normal value,0,Units,0,Zero
DATAFLOW,OECD.ELS.SAE:DSD_EARNINGS@AV_AN_WAGE(1.0),Average annual wages,I,FRA,France,WG,Wages,USD_PPP,"US dollars, PPP converted",A,Annual,Q,Constant prices,MEAN,Mean,_Z,Not applicable,2009,,56721.996,,2024,,A,Normal value,0,Units,0,Zero
DATAFLOW,OECD.ELS.SAE:DSD_EARNINGS@AV_AN_WAGE(1.0),Average annual wages,I,FRA,France,WG,Wages,USD_PPP,"US dollars, PPP converted",A,Annual,Q,Constant prices,MEAN,Mean,_Z,Not applicable,2010,,57867.381,,2024,,A,Normal value,0,Units,0,Zero
DATAFLOW,OECD.ELS.SAE:DSD_EARNINGS@AV_AN_WAGE(1.0),Average annual wages,I,FRA,France,WG,Wages,USD_PPP,"US dollars, PPP converted",A,Annual,Q,Constant prices,MEAN,Mean,_Z,Not applicable,2011,,57763.65,,2024,,A,Normal value,0,Units,0,Zero
DATAFLOW,OECD.ELS.SAE:DSD_EARNINGS@AV_AN_WAGE(1.0),Average annual wages,I,FRA,France,WG,Wages,USD_PPP,"US dollars, PPP converted",A,Annual,Q,Constant prices,MEAN,Mean,_Z,Not applicable,2012,,58139.541,,2024,,A,Normal value,0,Units,0,Zero
DATAFLOW,OECD.ELS.SAE:DSD_EARNINGS@AV_AN_WAGE(1.0),Average annual wages,I,FRA,France,WG,Wages,USD_PPP,"US dollars, PPP converted",A,Annual,Q,Constant prices,MEAN,Mean,_Z,Not applicable,2013,,58637.643,,2024,,A,Normal value,0,Units,0,Zero
DATAFLOW,OECD.ELS.SAE:DSD_EARNINGS@AV_AN_WAGE(1.0),Average annual wages,I,FRA,France,WG,Wages,USD_PPP,"US dollars, PPP converted",A,Annual,Q,Constant prices,MEAN,Mean,_Z,Not applicable,2014,,59043.357,,2024,,A,Normal value,0,Units,0,Zero
DATAFLOW,OECD.ELS.SAE:DSD_EARNINGS@AV_AN_WAGE(1.0),Average annual wages,I,FRA,France,WG,Wages,USD_PPP,"US dollars, PPP converted",A,Annual,Q,Constant prices,MEAN,Mean,_Z,Not applicable,2015,,59600.312,,2024,,A,Normal value,0,Units,0,Zero
DATAFLOW,OECD.ELS.SAE:DSD_EARNINGS@AV_AN_WAGE(1.0),Average annual wages,I,FRA,France,WG,Wages,USD_PPP,"US dollars, PPP converted",A,Annual,Q,Constant prices,MEAN,Mean,_Z,Not applicable,2016,,60284.45,,2024,,A,Normal value,0,Units,0,Zero
DATAFLOW,OECD.ELS.SAE:DSD_EARNINGS@AV_AN_WAGE(1.0),Average annual wages,I,FRA,France,WG,Wages,USD_PPP,"US dollars, PPP converted",A,Annual,Q,Constant prices,MEAN,Mean,_Z,Not applicable,2017,,61120.078,,2024,,A,Normal value,0,Units,0,Zero
DATAFLOW,OECD.ELS.SAE:DSD_EARNINGS@AV_AN_WAGE(1.0),Average annual wages,I,FRA,France,WG,Wages,USD_PPP,"US dollars, PPP converted",A,Annual,Q,Constant prices,MEAN,Mean,_Z,Not applicable,2018,,61041.792,,2024,,A,Normal value,0,Units,0,Zero
DATAFLOW,OECD.ELS.SAE:DSD_EARNINGS@AV_AN_WAGE(1.0),Average annual wages,I,FRA,France,WG,Wages,USD_PPP,"US dollars, PPP converted",A,Annual,Q,Constant prices,MEAN,Mean,_Z,Not applicable,2019,,61631.808,,2024,,A,Normal value,0,Units,0,Zero
DATAFLOW,OECD.ELS.SAE:DSD_EARNINGS@AV_AN_WAGE(1.0),Average annual wages,I,FRA,France,WG,Wages,USD_PPP,"US dollars, PPP converted",A,Annual,Q,Constant prices,MEAN,Mean,_Z,Not applicable,2020,,58590.773,,2024,,A,Normal value,0,Units,0,Zero
DATAFLOW,OECD.ELS.SAE:DSD_EARNINGS@AV_AN_WAGE(1.0),Average annual wages,I,FRA,France,WG,Wages,USD_PPP,"US dollars, PPP converted",A,Annual,Q,Constant prices,MEAN,Mean,_Z,Not applicable,2021,,60900.747,,2024,,A,Normal value,0,Units,0,Zero
DATAFLOW,OECD.ELS.SAE:DSD_EARNINGS@AV_AN_WAGE(1.0),Average annual wages,I,FRA,France,WG,Wages,USD_PPP,"US dollars, PPP converted",A,Annual,Q,Constant prices,MEAN,Mean,_Z,Not applicable,2022,,61156.437,,2024,,A,Normal value,0,Units,0,Zero
DATAFLOW,OECD.ELS.SAE:DSD_EARNINGS@AV_AN_WAGE(1.0),Average annual wages,I,FRA,France,WG,Wages,USD_PPP,"US dollars, PPP converted",A,Annual,Q,Constant prices,MEAN,Mean,_Z,Not applicable,2023,,60140.542,,2024,,A,Normal value,0,Units,0,Zero
DATAFLOW,OECD.ELS.SAE:DSD_EARNINGS@AV_AN_WAGE(1.0),Average annual wages,I,FRA,France,WG,Wages,USD_PPP,"US dollars, PPP converted",A,Annual,Q,Constant prices,MEAN,Mean,_Z,Not applicable,2024,,60608.014,,2024,,A,Normal value,0,Units,0,Zero
DATAFLOW,OECD.ELS.SAE:DSD_EARNINGS@AV_AN_WAGE(1.0),Average annual wages,I,DEU,Germany,WG,Wages,USD_PPP,"US dollars, PPP converted",A,Annual,Q,Constant prices,MEAN,Mean,_Z,Not applicable,1991,,52244.077,,2024,,A,Normal value,0,Units,0,Zero
DATAFLOW,OECD.ELS.SAE:DSD_EARNINGS@AV_AN_WAGE(1.0),Average annual wages,I,DEU,Germany,WG,Wages,USD_PPP,"US dollars, PPP converted",A,Annual,Q,Constant prices,MEAN,Mean,_Z,Not applicable,1992,,55449.141,,2024,,A,Normal value,0,Units,0,Zero
DATAFLOW,OECD.ELS.SAE:DSD_EARNINGS@AV_AN_WAGE(1.0),Average annual wages,I,DEU,Germany,WG,Wages,USD_PPP,"US dollars, PPP converted",A,Annual,Q,Constant prices,MEAN,Mean,_Z,Not applicable,1993,,55814.289,,2024,,A,Normal value,0,Units,0,Zero
DATAFLOW,OECD.ELS.SAE:DSD_EARNINGS@AV_AN_WAGE(1.0),Average annual wages,I,DEU,Germany,WG,Wages,USD_PPP,"US dollars, PPP converted",A,Annual,Q,Constant prices,MEAN,Mean,_Z,Not applicable,1994,,55937.213,,2024,,A,Normal value,0,Units,0,Zero
DATAFLOW,OECD.ELS.SAE:DSD_EARNINGS@AV_AN_WAGE(1.0),Average annual wages,I,DEU,Germany,WG,Wages,USD_PPP,"US dollars, PPP converted",A,Annual,Q,Constant prices,MEAN,Mean,_Z,Not applicable,1995,,57123.151,,2024,,A,Normal value,0,Units,0,Zero
DATAFLOW,OECD.ELS.SAE:DSD_EARNINGS@AV_AN_WAGE(1.0),Average annual wages,I,DEU,Germany,WG,Wages,USD_PPP,"US dollars, PPP converted",A,Annual,Q,Constant prices,MEAN,Mean,_Z,Not applicable,1996,,57779.129,,2024,,A,Normal value,0,Units,0,Zero
DATAFLOW,OECD.ELS.SAE:DSD_EARNINGS@AV_AN_WAGE(1.0),Average annual wages,I,DEU,Germany,WG,Wages,USD_PPP,"US dollars, PPP converted",A,Annual,Q,Constant prices,MEAN,Mean,_Z,Not applicable,1997,,57535.082,,2024,,A,Normal value,0,Units,0,Zero
DATAFLOW,OECD.ELS.SAE:DSD_EARNINGS@AV_AN_WAGE(1.0),Average annual wages,I,DEU,Germany,WG,Wages,USD_PPP,"US dollars, PPP converted",A,Annual,Q,Constant prices,MEAN,Mean,_Z,Not applicable,1998,,58239.551,,2024,,A,Normal value,0,Units,0,Zero
DATAFLOW,OECD.ELS.SAE:DSD_EARNINGS@AV_AN_WAGE(1.0),Average annual wages,I,DEU,Germany,WG,Wages,USD_PPP,"US dollars, PPP converted",A,Annual,Q,Constant prices,MEAN,Mean,_Z,Not applicable,1999,,59014.326,,2024,,A,Normal value,0,Units,0,Zero
DATAFLOW,OECD.ELS.SAE:DSD_EARNINGS@AV_AN_WAGE(1.0),Average annual wages,I,DEU,Germany,WG,Wages,USD_PPP,"US dollars, PPP converted",A,Annual,Q,Constant prices,MEAN,Mean,_Z,Not applicable,2000,,59354.424,,2024,,A,Normal value,0,Units,0,Zero
DATAFLOW,OECD.ELS.SAE:DSD_EARNINGS@AV_AN_WAGE(1.0),Average annual wages,I,DEU,Germany,WG,Wages,USD_PPP,"US dollars, PPP converted",A,Annual,Q,Constant prices,MEAN,Mean,_Z,Not applicable,2001,,59787.697,,2024,,A,Normal value,0,Units,0,Zero
DATAFLOW,OECD.ELS.SAE:DSD_EARNINGS@AV_AN_WAGE(1.0),Average annual wages,I,DEU,Germany,WG,Wages,USD_PPP,"US dollars, PPP converted",A,Annual,Q,Constant prices,MEAN,Mean,_Z,Not applicable,2002,,60138.883,,2024,,A,Normal value,0,Units,0,Zero
DATAFLOW,OECD.ELS.SAE:DSD_EARNINGS@AV_AN_WAGE(1.0),Average annual wages,I,DEU,Germany,WG,Wages,USD_PPP,"US dollars, PPP converted",A,Annual,Q,Constant prices,MEAN,Mean,_Z,Not applicable,2003,,60338.681,,2024,,A,Normal value,0,Units,0,Zero
DATAFLOW,OECD.ELS.SAE:DSD_EARNINGS@AV_AN_WAGE(1.0),Average annual wages,I,DEU,Germany,WG,Wages,USD_PPP,"US dollars, PPP converted",A,Annual,Q,Constant prices,MEAN,Mean,_Z,Not applicable,2004,,60330.633,,2024,,A,Normal value,0,Units,0,Zero
DATAFLOW,OECD.ELS.SAE:DSD_EARNINGS@AV_AN_WAGE(1.0),Average annual wages,I,DEU,Germany,WG,Wages,USD_PPP,"US dollars, PPP converted",A,Annual,Q,Constant prices,MEAN,Mean,_Z,Not applicable,2005,,60548.73,,2024,,A,Normal value,0,Units,0,Zero
DATAFLOW,OECD.ELS.SAE:DSD_EARNINGS@AV_AN_WAGE(1.0),Average annual wages,I,DEU,Germany,WG,Wages,USD_PPP,"US dollars, PPP converted",A,Annual,Q,Constant prices,MEAN,Mean,_Z,Not applicable,2006,,60537.007,,2024,,A,Normal value,0,Units,0,Zero
DATAFLOW,OECD.ELS.SAE:DSD_EARNINGS@AV_AN_WAGE(1.0),Average annual wages,I,DEU,Germany,WG,Wages,USD_PPP,"US dollars, PPP converted",A,Annual,Q,Constant prices,MEAN,Mean,_Z,Not applicable,2007,,60353.389,,2024,,A,Normal value,0,Units,0,Zero
DATAFLOW,OECD.ELS.SAE:DSD_EARNINGS@AV_AN_WAGE(1.0),Average annual wages,I,DEU,Germany,WG,Wages,USD_PPP,"US dollars, PPP converted",A,Annual,Q,Constant prices,MEAN,Mean,_Z,Not applicable,2008,,60623.392,,2024,,A,Normal value,0,Units,0,Zero
DATAFLOW,OECD.ELS.SAE:DSD_EARNINGS@AV_AN_WAGE(1.0),Average annual wages,I,DEU,Germany,WG,Wages,USD_PPP,"US dollars, PPP converted",A,Annual,Q,Constant prices,MEAN,Mean,_Z,Not applicable,2009,,60635.353,,2024,,A,Normal value,0,Units,0,Zero
DATAFLOW,OECD.ELS.SAE:DSD_EARNINGS@AV_AN_WAGE(1.0),Average annual wages,I,DEU,Germany,WG,Wages,USD_PPP,"US dollars, PPP converted",A,Annual,Q,Constant prices,MEAN,Mean,_Z,Not applicable,2010,,61167.671,,2024,,A,Normal value,0,Units,0,Zero
DATAFLOW,OECD.ELS.SAE:DSD_EARNINGS@AV_AN_WAGE(1.0),Average annual wages,I,DEU,Germany,WG,Wages,USD_PPP,"US dollars, PPP converted",A,Annual,Q,Constant prices,MEAN,Mean,_Z,Not applicable,2011,,62400.788,,2024,,A,Normal value,0,Units,0,Zero
DATAFLOW,OECD.ELS.SAE:DSD_EARNINGS@AV_AN_WAGE(1.0),Average annual wages,I,DEU,Germany,WG,Wages,USD_PPP,"US dollars, PPP converted",A,Annual,Q,Constant prices,MEAN,Mean,_Z,Not applicable,2012,,63233.321,,2024,,A,Normal value,0,Units,0,Zero
DATAFLOW,OECD.ELS.SAE:DSD_EARNINGS@AV_AN_WAGE(1.0),Average annual wages,I,DEU,Germany,WG,Wages,USD_PPP,"US dollars, PPP converted",A,Annual,Q,Constant prices,MEAN,Mean,_Z,Not applicable,2013,,63828.7,,2024,,A,Normal value,0,Units,0,Zero
DATAFLOW,OECD.ELS.SAE:DSD_EARNINGS@AV_AN_WAGE(1.0),Average annual wages,I,DEU,Germany,WG,Wages,USD_PPP,"US dollars, PPP converted",A,Annual,Q,Constant prices,MEAN,Mean,_Z,Not applicable,2014,,64898.733,,2024,,A,Normal value,0,Units,0,Zero
DATAFLOW,OECD.ELS.SAE:DSD_EARNINGS@AV_AN_WAGE(1.0),Average annual wages,I,DEU,Germany,WG,Wages,USD_PPP,"US dollars, PPP converted",A,Annual,Q,Constant prices,MEAN,Mean,_Z,Not applicable,2015,,66389.948,,2024,,A,Normal value,0,Units,0,Zero
DATAFLOW,OECD.ELS.SAE:DSD_EARNINGS@AV_AN_WAGE(1.0),Average annual wages,I,DEU,Germany,WG,Wages,USD_PPP,"US dollars, PPP converted",A,Annual,Q,Constant prices,MEAN,Mean,_Z,Not applicable,2016,,67409.631,,2024,,A,Normal value,0,Units,0,Zero
DATAFLOW,OECD.ELS.SAE:DSD_EARNINGS@AV_AN_WAGE(1.0),Average annual wages,I,DEU,Germany,WG,Wages,USD_PPP,"US dollars, PPP converted",A,Annual,Q,Constant prices,MEAN,Mean,_Z,Not applicable,2017,,68117.688,,2024,,A,Normal value,0,Units,0,Zero
DATAFLOW,OECD.ELS.SAE:DSD_EARNINGS@AV_AN_WAGE(1.0),Average annual wages,I,DEU,Germany,WG,Wages,USD_PPP,"US dollars, PPP converted",A,Annual,Q,Constant prices,MEAN,Mean,_Z,Not applicable,2018,,69070.405,,2024,,A,Normal value,0,Units,0,Zero
DATAFLOW,OECD.ELS.SAE:DSD_EARNINGS@AV_AN_WAGE(1.0),Average annual wages,I,DEU,Germany,WG,Wages,USD_PPP,"US dollars, PPP converted",A,Annual,Q,Constant prices,MEAN,Mean,_Z,Not applicable,2019,,70225.225,,2024,,A,Normal value,0,Units,0,Zero
DATAFLOW,OECD.ELS.SAE:DSD_EARNINGS@AV_AN_WAGE(1.0),Average annual wages,I,DEU,Germany,WG,Wages,USD_PPP,"US dollars, PPP converted",A,Annual,Q,Constant prices,MEAN,Mean,_Z,Not applicable,2020,,69750.812,,2024,,A,Normal value,0,Units,0,Zero
DATAFLOW,OECD.ELS.SAE:DSD_EARNINGS@AV_AN_WAGE(1.0),Average annual wages,I,DEU,Germany,WG,Wages,USD_PPP,"US dollars, PPP converted",A,Annual,Q,Constant prices,MEAN,Mean,_Z,Not applicable,2021,,69828.515,,2024,,A,Normal value,0,Units,0,Zero
DATAFLOW,OECD.ELS.SAE:DSD_EARNINGS@AV_AN_WAGE(1.0),Average annual wages,I,DEU,Germany,WG,Wages,USD_PPP,"US dollars, PPP converted",A,Annual,Q,Constant prices,MEAN,Mean,_Z,Not applicable,2022,,68225.562,,2024,,A,Normal value,0,Units,0,Zero
DATAFLOW,OECD.ELS.SAE:DSD_EARNINGS@AV_AN_WAGE(1.0),Average annual wages,I,DEU,Germany,WG,Wages,USD_PPP,"US dollars, PPP converted",A,Annual,Q,Constant prices,MEAN,Mean,_Z,Not applicable,2023,,68104.229,,2024,,A,Normal value,0,Units,0,Zero
DATAFLOW,OECD.ELS.SAE:DSD_EARNINGS@AV_AN_WAGE(1.0),Average annual wages,I,DEU,Germany,WG,Wages,USD_PPP,"US dollars, PPP converted",A,Annual,Q,Constant prices,MEAN,Mean,_Z,Not applicable,2024,,69433.062,,2024,,A,Normal value,0,Units,0,Zero
DATAFLOW,OECD.ELS.SAE:DSD_EARNINGS@AV_AN_WAGE(1.0),Average annual wages,I,GRC,Greece,WG,Wages,USD_PPP,"US dollars, PPP converted",A,Annual,Q,Constant prices,MEAN,Mean,_Z,Not applicable,1995,,26323.842,,2024,,A,Normal value,0,Units,0,Zero
DATAFLOW,OECD.ELS.SAE:DSD_EARNINGS@AV_AN_WAGE(1.0),Average annual wages,I,GRC,Greece,WG,Wages,USD_PPP,"US dollars, PPP converted",A,Annual,Q,Constant prices,MEAN,Mean,_Z,Not applicable,1996,,26596.935,,2024,,A,Normal value,0,Units,0,Zero
DATAFLOW,OECD.ELS.SAE:DSD_EARNINGS@AV_AN_WAGE(1.0),Average annual wages,I,GRC,Greece,WG,Wages,USD_PPP,"US dollars, PPP converted",A,Annual,Q,Constant prices,MEAN,Mean,_Z,Not applicable,1997,,29590.338,,2024,,A,Normal value,0,Units,0,Zero
DATAFLOW,OECD.ELS.SAE:DSD_EARNINGS@AV_AN_WAGE(1.0),Average annual wages,I,GRC,Greece,WG,Wages,USD_PPP,"US dollars, PPP converted",A,Annual,Q,Constant prices,MEAN,Mean,_Z,Not applicable,1998,,32037.543,,2024,,A,Normal value,0,Units,0,Zero
DATAFLOW,OECD.ELS.SAE:DSD_EARNINGS@AV_AN_WAGE(1.0),Average annual wages,I,GRC,Greece,WG,Wages,USD_PPP,"US dollars, PPP converted",A,Annual,Q,Constant prices,MEAN,Mean,_Z,Not applicable,1999,,32549.606,,2024,,A,Normal value,0,Units,0,Zero
DATAFLOW,OECD.ELS.SAE:DSD_EARNINGS@AV_AN_WAGE(1.0),Average annual wages,I,GRC,Greece,WG,Wages,USD_PPP,"US dollars, PPP converted",A,Annual,Q,Constant prices,MEAN,Mean,_Z,Not applicable,2000,,34401.754,,2024,,A,Normal value,0,Units,0,Zero
DATAFLOW,OECD.ELS.SAE:DSD_EARNINGS@AV_AN_WAGE(1.0),Average annual wages,I,GRC,Greece,WG,Wages,USD_PPP,"US dollars, PPP converted",A,Annual,Q,Constant prices,MEAN,Mean,_Z,Not applicable,2001,,35558.052,,2024,,A,Normal value,0,Units,0,Zero
DATAFLOW,OECD.ELS.SAE:DSD_EARNINGS@AV_AN_WAGE(1.0),Average annual wages,I,GRC,Greece,WG,Wages,USD_PPP,"US dollars, PPP converted",A,Annual,Q,Constant prices,MEAN,Mean,_Z,Not applicable,2002,,38791.366,,2024,,A,Normal value,0,Units,0,Zero
DATAFLOW,OECD.ELS.SAE:DSD_EARNINGS@AV_AN_WAGE(1.0),Average annual wages,I,GRC,Greece,WG,Wages,USD_PPP,"US dollars, PPP converted",A,Annual,Q,Constant prices,MEAN,Mean,_Z,Not applicable,2003,,40500.08,,2024,,A,Normal value,0,Units,0,Zero
DATAFLOW,OECD.ELS.SAE:DSD_EARNINGS@AV_AN_WAGE(1.0),Average annual wages,I,GRC,Greece,WG,Wages,USD_PPP,"US dollars, PPP converted",A,Annual,Q,Constant prices,MEAN,Mean,_Z,Not applicable,2004,,41242.818,,2024,,A,Normal value,0,Units,0,Zero
DATAFLOW,OECD.ELS.SAE:DSD_EARNINGS@AV_AN_WAGE(1.0),Average annual wages,I,GRC,Greece,WG,Wages,USD_PPP,"US dollars, PPP converted",A,Annual,Q,Constant prices,MEAN,Mean,_Z,Not applicable,2005,,41105.138,,2024,,A,Normal value,0,Units,0,Zero
DATAFLOW,OECD.ELS.SAE:DSD_EARNINGS@AV_AN_WAGE(1.0),Average annual wages,I,GRC,Greece,WG,Wages,USD_PPP,"US dollars, PPP converted",A,Annual,Q,Constant prices,MEAN,Mean,_Z,Not applicable,2006,,41594.07,,2024,,A,Normal value,0,Units,0,Zero
DATAFLOW,OECD.ELS.SAE:DSD_EARNINGS@AV_AN_WAGE(1.0),Average annual wages,I,GRC,Greece,WG,Wages,USD_PPP,"US dollars, PPP converted",A,Annual,Q,Constant prices,MEAN,Mean,_Z,Not applicable,2007,,41601.751,,2024,,A,Normal value,0,Units,0,Zero
DATAFLOW,OECD.ELS.SAE:DSD_EARNINGS@AV_AN_WAGE(1.0),Average annual wages,I,GRC,Greece,WG,Wages,USD_PPP,"US dollars, PPP converted",A,Annual,Q,Constant prices,MEAN,Mean,_Z,Not applicable,2008,,40957.926,,2024,,A,Normal value,0,Units,0,Zero
DATAFLOW,OECD.ELS.SAE:DSD_EARNINGS@AV_AN_WAGE(1.0),Average annual wages,I,GRC,Greece,WG,Wages,USD_PPP,"US dollars, PPP converted",A,Annual,Q,Constant prices,MEAN,Mean,_Z,Not applicable,2009,,42891.359,,2024,,A,Normal value,0,Units,0,Zero
DATAFLOW,OECD.ELS.SAE:DSD_EARNINGS@AV_AN_WAGE(1.0),Average annual wages,I,GRC,Greece,WG,Wages,USD_PPP,"US dollars, PPP converted",A,Annual,Q,Constant prices,MEAN,Mean,_Z,Not applicable,2010,,40933.437,,2024,,A,Normal value,0,Units,0,Zero
DATAFLOW,OECD.ELS.SAE:DSD_EARNINGS@AV_AN_WAGE(1.0),Average annual wages,I,GRC,Greece,WG,Wages,USD_PPP,"US dollars, PPP converted",A,Annual,Q,Constant prices,MEAN,Mean,_Z,Not applicable,2011,,38335.701,,2024,,A,Normal value,0,Units,0,Zero
DATAFLOW,OECD.ELS.SAE:DSD_EARNINGS@AV_AN_WAGE(1.0),Average annual wages,I,GRC,Greece,WG,Wages,USD_PPP,"US dollars, PPP converted",A,Annual,Q,Constant prices,MEAN,Mean,_Z,Not applicable,2012,,36104.342,,2024,,A,Normal value,0,Units,0,Zero
DATAFLOW,OECD.ELS.SAE:DSD_EARNINGS@AV_AN_WAGE(1.0),Average annual wages,I,GRC,Greece,WG,Wages,USD_PPP,"US dollars, PPP converted",A,Annual,Q,Constant prices,MEAN,Mean,_Z,Not applicable,2013,,33745.986,,2024,,A,Normal value,0,Units,0,Zero
DATAFLOW,OECD.ELS.SAE:DSD_EARNINGS@AV_AN_WAGE(1.0),Average annual wages,I,GRC,Greece,WG,Wages,USD_PPP,"US dollars, PPP converted",A,Annual,Q,Constant prices,MEAN,Mean,_Z,Not applicable,2014,,33606.424,,2024,,A,Normal value,0,Units,0,Zero
DATAFLOW,OECD.ELS.SAE:DSD_EARNINGS@AV_AN_WAGE(1.0),Average annual wages,I,GRC,Greece,WG,Wages,USD_PPP,"US dollars, PPP converted",A,Annual,Q,Constant prices,MEAN,Mean,_Z,Not applicable,2015,,33936.951,,2024,,A,Normal value,0,Units,0,Zero
DATAFLOW,OECD.ELS.SAE:DSD_EARNINGS@AV_AN_WAGE(1.0),Average annual wages,I,GRC,Greece,WG,Wages,USD_PPP,"US dollars, PPP converted",A,Annual,Q,Constant prices,MEAN,Mean,_Z,Not applicable,2016,,33157.589,,2024,,A,Normal value,0,Units,0,Zero
DATAFLOW,OECD.ELS.SAE:DSD_EARNINGS@AV_AN_WAGE(1.0),Average annual wages,I,GRC,Greece,WG,Wages,USD_PPP,"US dollars, PPP converted",A,Annual,Q,Constant prices,MEAN,Mean,_Z,Not applicable,2017,,33370.147,,2024,,A,Normal value,0,Units,0,Zero
DATAFLOW,OECD.ELS.SAE:DSD_EARNINGS@AV_AN_WAGE(1.0),Average annual wages,I,GRC,Greece,WG,Wages,USD_PPP,"US dollars, PPP converted",A,Annual,Q,Constant prices,MEAN,Mean,_Z,Not applicable,2018,,31829.651,,2024,,A,Normal value,0,Units,0,Zero
DATAFLOW,OECD.ELS.SAE:DSD_EARNINGS@AV_AN_WAGE(1.0),Average annual wages,I,GRC,Greece,WG,Wages,USD_PPP,"US dollars, PPP converted",A,Annual,Q,Constant prices,MEAN,Mean,_Z,Not applicable,2019,,31882.627,,2024,,A,Normal value,0,Units,0,Zero
DATAFLOW,OECD.ELS.SAE:DSD_EARNINGS@AV_AN_WAGE(1.0),Average annual wages,I,GRC,Greece,WG,Wages,USD_PPP,"US dollars, PPP converted",A,Annual,Q,Constant prices,MEAN,Mean,_Z,Not applicable,2020,,31976.297,,2024,,A,Normal value,0,Units,0,Zero
DATAFLOW,OECD.ELS.SAE:DSD_EARNINGS@AV_AN_WAGE(1.0),Average annual wages,I,GRC,Greece,WG,Wages,USD_PPP,"US dollars, PPP converted",A,Annual,Q,Constant prices,MEAN,Mean,_Z,Not applicable,2021,,32289.469,,2024,,A,Normal value,0,Units,0,Zero
DATAFLOW,OECD.ELS.SAE:DSD_EARNINGS@AV_AN_WAGE(1.0),Average annual wages,I,GRC,Greece,WG,Wages,USD_PPP,"US dollars, PPP converted",A,Annual,Q,Constant prices,MEAN,Mean,_Z,Not applicable,2022,,31456.577,,2024,,A,Normal value,0,Units,0,Zero
DATAFLOW,OECD.ELS.SAE:DSD_EARNINGS@AV_AN_WAGE(1.0),Average annual wages,I,GRC,Greece,WG,Wages,USD_PPP,"US dollars, PPP converted",A,Annual,Q,Constant prices,MEAN,Mean,_Z,Not applicable,2023,,31597.68,,2024,,A,Normal value,0,Units,0,Zero
DATAFLOW,OECD.ELS.SAE:DSD_EARNINGS@AV_AN_WAGE(1.0),Average annual wages,I,GRC,Greece,WG,Wages,USD_PPP,"US dollars, PPP converted",A,Annual,Q,Constant prices,MEAN,Mean,_Z,Not applicable,2024,,32257.112,,2024,,A,Normal value,0,Units,0,Zero
DATAFLOW,OECD.ELS.SAE:DSD_EARNINGS@AV_AN_WAGE(1.0),Average annual wages,I,ITA,Italy,WG,Wages,USD_PPP,"US dollars, PPP converted",A,Annual,Q,Constant prices,MEAN,Mean,_Z,Not applicable,1990,,51862.518,,2024,,A,Normal value,0,Units,0,Zero
DATAFLOW,OECD.ELS.SAE:DSD_EARNINGS@AV_AN_WAGE(1.0),Average annual wages,I,ITA,Italy,WG,Wages,USD_PPP,"US dollars, PPP converted",A,Annual,Q,Constant prices,MEAN,Mean,_Z,Not applicable,1991,,52298.221,,2024,,A,Normal value,0,Units,0,Zero
DATAFLOW,OECD.ELS.SAE:DSD_EARNINGS@AV_AN_WAGE(1.0),Average annual wages,I,ITA,Italy,WG,Wages,USD_PPP,"US dollars, PPP converted",A,Annual,Q,Constant prices,MEAN,Mean,_Z,Not applicable,1992,,52247.591,,2024,,A,Normal value,0,Units,0,Zero
DATAFLOW,OECD.ELS.SAE:DSD_EARNINGS@AV_AN_WAGE(1.0),Average annual wages,I,ITA,Italy,WG,Wages,USD_PPP,"US dollars, PPP converted",A,Annual,Q,Constant prices,MEAN,Mean,_Z,Not applicable,1993,,51442.805,,2024,,A,Normal value,0,Units,0,Zero
DATAFLOW,OECD.ELS.SAE:DSD_EARNINGS@AV_AN_WAGE(1.0),Average annual wages,I,ITA,Italy,WG,Wages,USD_PPP,"US dollars, PPP converted",A,Annual,Q,Constant prices,MEAN,Mean,_Z,Not applicable,1994,,50776.649,,2024,,A,Normal value,0,Units,0,Zero
DATAFLOW,OECD.ELS.SAE:DSD_EARNINGS@AV_AN_WAGE(1.0),Average annual wages,I,ITA,Italy,WG,Wages,USD_PPP,"US dollars, PPP converted",A,Annual,Q,Constant prices,MEAN,Mean,_Z,Not applicable,1995,,49665.009,,2024,,A,Normal value,0,Units,0,Zero
DATAFLOW,OECD.ELS.SAE:DSD_EARNINGS@AV_AN_WAGE(1.0),Average annual wages,I,ITA,Italy,WG,Wages,USD_PPP,"US dollars, PPP converted",A,Annual,Q,Constant prices,MEAN,Mean,_Z,Not applicable,1996,,50057.414,,2024,,A,Normal value,0,Units,0,Zero
DATAFLOW,OECD.ELS.SAE:DSD_EARNINGS@AV_AN_WAGE(1.0),Average annual wages,I,ITA,Italy,WG,Wages,USD_PPP,"US dollars, PPP converted",A,Annual,Q,Constant prices,MEAN,Mean,_Z,Not applicable,1997,,51494.589,,2024,,A,Normal value,0,Units,0,Zero
DATAFLOW,OECD.ELS.SAE:DSD_EARNINGS@AV_AN_WAGE(1.0),Average annual wages,I,ITA,Italy,WG,Wages,USD_PPP,"US dollars, PPP converted",A,Annual,Q,Constant prices,MEAN,Mean,_Z,Not applicable,1998,,51658.746,,2024,,A,Normal value,0,Units,0,Zero
DATAFLOW,OECD.ELS.SAE:DSD_EARNINGS@AV_AN_WAGE(1.0),Average annual wages,I,ITA,Italy,WG,Wages,USD_PPP,"US dollars, PPP converted",A,Annual,Q,Constant prices,MEAN,Mean,_Z,Not applicable,1999,,52246.719,,2024,,A,Normal value,0,Units,0,Zero
DATAFLOW,OECD.ELS.SAE:DSD_EARNINGS@AV_AN_WAGE(1.0),Average annual wages,I,ITA,Italy,WG,Wages,USD_PPP,"US dollars, PPP converted",A,Annual,Q,Constant prices,MEAN,Mean,_Z,Not applicable,2000,,52237.08,,2024,,A,Normal value,0,Units,0,Zero
DATAFLOW,OECD.ELS.SAE:DSD_EARNINGS@AV_AN_WAGE(1.0),Average annual wages,I,ITA,Italy,WG,Wages,USD_PPP,"US dollars, PPP converted",A,Annual,Q,Constant prices,MEAN,Mean,_Z,Not applicable,2001,,52604.347,,2024,,A,Normal value,0,Units,0,Zero
DATAFLOW,OECD.ELS.SAE:DSD_EARNINGS@AV_AN_WAGE(1.0),Average annual wages,I,ITA,Italy,WG,Wages,USD_PPP,"US dollars, PPP converted",A,Annual,Q,Constant prices,MEAN,Mean,_Z,Not applicable,2002,,52231.424,,2024,,A,Normal value,0,Units,0,Zero
DATAFLOW,OECD.ELS.SAE:DSD_EARNINGS@AV_AN_WAGE(1.0),Average annual wages,I,ITA,Italy,WG,Wages,USD_PPP,"US dollars, PPP converted",A,Annual,Q,Constant prices,MEAN,Mean,_Z,Not applicable,2003,,52092.742,,2024,,A,Normal value,0,Units,0,Zero
DATAFLOW,OECD.ELS.SAE:DSD_EARNINGS@AV_AN_WAGE(1.0),Average annual wages,I,ITA,Italy,WG,Wages,USD_PPP,"US dollars, PPP converted",A,Annual,Q,Constant prices,MEAN,Mean,_Z,Not applicable,2004,,53082.932,,2024,,A,Normal value,0,Units,0,Zero
DATAFLOW,OECD.ELS.SAE:DSD_EARNINGS@AV_AN_WAGE(1.0),Average annual wages,I,ITA,Italy,WG,Wages,USD_PPP,"US dollars, PPP converted",A,Annual,Q,Constant prices,MEAN,Mean,_Z,Not applicable,2005,,53804.76,,2024,,A,Normal value,0,Units,0,Zero
DATAFLOW,OECD.ELS.SAE:DSD_EARNINGS@AV_AN_WAGE(1.0),Average annual wages,I,ITA,Italy,WG,Wages,USD_PPP,"US dollars, PPP converted",A,Annual,Q,Constant prices,MEAN,Mean,_Z,Not applicable,2006,,54145.431,,2024,,A,Normal value,0,Units,0,Zero
DATAFLOW,OECD.ELS.SAE:DSD_EARNINGS@AV_AN_WAGE(1.0),Average annual wages,I,ITA,Italy,WG,Wages,USD_PPP,"US dollars, PPP converted",A,Annual,Q,Constant prices,MEAN,Mean,_Z,Not applicable,2007,,54117.354,,2024,,A,Normal value,0,Units,0,Zero
DATAFLOW,OECD.ELS.SAE:DSD_EARNINGS@AV_AN_WAGE(1.0),Average annual wages,I,ITA,Italy,WG,Wages,USD_PPP,"US dollars, PPP converted",A,Annual,Q,Constant prices,MEAN,Mean,_Z,Not applicable,2008,,54044.753,,2024,,A,Normal value,0,Units,0,Zero
DATAFLOW,OECD.ELS.SAE:DSD_EARNINGS@AV_AN_WAGE(1.0),Average annual wages,I,ITA,Italy,WG,Wages,USD_PPP,"US dollars, PPP converted",A,Annual,Q,Constant prices,MEAN,Mean,_Z,Not applicable,2009,,54458.768,,2024,,A,Normal value,0,Units,0,Zero
DATAFLOW,OECD.ELS.SAE:DSD_EARNINGS@AV_AN_WAGE(1.0),Average annual wages,I,ITA,Italy,WG,Wages,USD_PPP,"US dollars, PPP converted",A,Annual,Q,Constant prices,MEAN,Mean,_Z,Not applicable,2010,,54924.154,,2024,,A,Normal value,0,Units,0,Zero
DATAFLOW,OECD.ELS.SAE:DSD_EARNINGS@AV_AN_WAGE(1.0),Average annual wages,I,ITA,Italy,WG,Wages,USD_PPP,"US dollars, PPP converted",A,Annual,Q,Constant prices,MEAN,Mean,_Z,Not applicable,2011,,54047.93,,2024,,A,Normal value,0,Units,0,Zero
DATAFLOW,OECD.ELS.SAE:DSD_EARNINGS@AV_AN_WAGE(1.0),Average annual wages,I,ITA,Italy,WG,Wages,USD_PPP,"US dollars, PPP converted",A,Annual,Q,Constant prices,MEAN,Mean,_Z,Not applicable,2012,,52332.384,,2024,,A,Normal value,0,Units,0,Zero
DATAFLOW,OECD.ELS.SAE:DSD_EARNINGS@AV_AN_WAGE(1.0),Average annual wages,I,ITA,Italy,WG,Wages,USD_PPP,"US dollars, PPP converted",A,Annual,Q,Constant prices,MEAN,Mean,_Z,Not applicable,2013,,52503.553,,2024,,A,Normal value,0,Units,0,Zero
DATAFLOW,OECD.ELS.SAE:DSD_EARNINGS@AV_AN_WAGE(1.0),Average annual wages,I,ITA,Italy,WG,Wages,USD_PPP,"US dollars, PPP converted",A,Annual,Q,Constant prices,MEAN,Mean,_Z,Not applicable,2014,,52707.893,,2024,,A,Normal value,0,Units,0,Zero
DATAFLOW,OECD.ELS.SAE:DSD_EARNINGS@AV_AN_WAGE(1.0),Average annual wages,I,ITA,Italy,WG,Wages,USD_PPP,"US dollars, PPP converted",A,Annual,Q,Constant prices,MEAN,Mean,_Z,Not applicable,2015,,53164.084,,2024,,A,Normal value,0,Units,0,Zero
DATAFLOW,OECD.ELS.SAE:DSD_EARNINGS@AV_AN_WAGE(1.0),Average annual wages,I,ITA,Italy,WG,Wages,USD_PPP,"US dollars, PPP converted",A,Annual,Q,Constant prices,MEAN,Mean,_Z,Not applicable,2016,,53589.312,,2024,,A,Normal value,0,Units,0,Zero
DATAFLOW,OECD.ELS.SAE:DSD_EARNINGS@AV_AN_WAGE(1.0),Average annual wages,I,ITA,Italy,WG,Wages,USD_PPP,"US dollars, PPP converted",A,Annual,Q,Constant prices,MEAN,Mean,_Z,Not applicable,2017,,53246.292,,2024,,A,Normal value,0,Units,0,Zero
DATAFLOW,OECD.ELS.SAE:DSD_EARNINGS@AV_AN_WAGE(1.0),Average annual wages,I,ITA,Italy,WG,Wages,USD_PPP,"US dollars, PPP converted",A,Annual,Q,Constant prices,MEAN,Mean,_Z,Not applicable,2018,,53306.5,,2024,,A,Normal value,0,Units,0,Zero
DATAFLOW,OECD.ELS.SAE:DSD_EARNINGS@AV_AN_WAGE(1.0),Average annual wages,I,ITA,Italy,WG,Wages,USD_PPP,"US dollars, PPP converted",A,Annual,Q,Constant prices,MEAN,Mean,_Z,Not applicable,2019,,53572.199,,2024,,A,Normal value,0,Units,0,Zero
DATAFLOW,OECD.ELS.SAE:DSD_EARNINGS@AV_AN_WAGE(1.0),Average annual wages,I,ITA,Italy,WG,Wages,USD_PPP,"US dollars, PPP converted",A,Annual,Q,Constant prices,MEAN,Mean,_Z,Not applicable,2020,,51015.812,,2024,,A,Normal value,0,Units,0,Zero
DATAFLOW,OECD.ELS.SAE:DSD_EARNINGS@AV_AN_WAGE(1.0),Average annual wages,I,ITA,Italy,WG,Wages,USD_PPP,"US dollars, PPP converted",A,Annual,Q,Constant prices,MEAN,Mean,_Z,Not applicable,2021,,53317.266,,2024,,A,Normal value,0,Units,0,Zero
DATAFLOW,OECD.ELS.SAE:DSD_EARNINGS@AV_AN_WAGE(1.0),Average annual wages,I,ITA,Italy,WG,Wages,USD_PPP,"US dollars, PPP converted",A,Annual,Q,Constant prices,MEAN,Mean,_Z,Not applicable,2022,,51949.802,,2024,,A,Normal value,0,Units,0,Zero
DATAFLOW,OECD.ELS.SAE:DSD_EARNINGS@AV_AN_WAGE(1.0),Average annual wages,I,ITA,Italy,WG,Wages,USD_PPP,"US dollars, PPP converted",A,Annual,Q,Constant prices,MEAN,Mean,_Z,Not applicable,2023,,50514.489,,2024,,A,Normal value,0,Units,0,Zero
DATAFLOW,OECD.ELS.SAE:DSD_EARNINGS@AV_AN_WAGE(1.0),Average annual wages,I,ITA,Italy,WG,Wages,USD_PPP,"US dollars, PPP converted",A,Annual,Q,Constant prices,MEAN,Mean,_Z,Not applicable,2024,,51018.982,,2024,,A,Normal value,0,Units,0,Zero
DATAFLOW,OECD.ELS.SAE:DSD_EARNINGS@AV_AN_WAGE(1.0),Average annual wages,I,NLD,Netherlands,WG,Wages,USD_PPP,"US dollars, PPP converted",A,Annual,Q,Constant prices,MEAN,Mean,_Z,Not applicable,1990,,70114.955,,2024,,A,Normal value,0,Units,0,Zero
DATAFLOW,OECD.ELS.SAE:DSD_EARNINGS@AV_AN_WAGE(1.0),Average annual wages,I,NLD,Netherlands,WG,Wages,USD_PPP,"US dollars, PPP converted",A,Annual,Q,Constant prices,MEAN,Mean,_Z,Not applicable,1991,,70664.115,,2024,,A,Normal value,0,Units,0,Zero
DATAFLOW,OECD.ELS.SAE:DSD_EARNINGS@AV_AN_WAGE(1.0),Average annual wages,I,NLD,Netherlands,WG,Wages,USD_PPP,"US dollars, PPP converted",A,Annual,Q,Constant prices,MEAN,Mean,_Z,Not applicable,1992,,71036.779,,2024,,A,Normal value,0,Units,0,Zero
DATAFLOW,OECD.ELS.SAE:DSD_EARNINGS@AV_AN_WAGE(1.0),Average annual wages,I,NLD,Netherlands,WG,Wages,USD_PPP,"US dollars, PPP converted",A,Annual,Q,Constant prices,MEAN,Mean,_Z,Not applicable,1993,,72232.747,,2024,,A,Normal value,0,Units,0,Zero
DATAFLOW,OECD.ELS.SAE:DSD_EARNINGS@AV_AN_WAGE(1.0),Average annual wages,I,NLD,Netherlands,WG,Wages,USD_PPP,"US dollars, PPP converted",A,Annual,Q,Constant prices,MEAN,Mean,_Z,Not applicable,1994,,72757.135,,2024,,A,Normal value,0,Units,0,Zero
DATAFLOW,OECD.ELS.SAE:DSD_EARNINGS@AV_AN_WAGE(1.0),Average annual wages,I,NLD,Netherlands,WG,Wages,USD_PPP,"US dollars, PPP converted",A,Annual,Q,Constant prices,MEAN,Mean,_Z,Not applicable,1995,,71342.972,,2024,,A,Normal value,0,Units,0,Zero
DATAFLOW,OECD.ELS.SAE:DSD_EARNINGS@AV_AN_WAGE(1.0),Average annual wages,I,NLD,Netherlands,WG,Wages,USD_PPP,"US dollars, PPP converted",A,Annual,Q,Constant prices,MEAN,Mean,_Z,Not applicable,1996,,71105.818,,2024,,A,Normal value,0,Units,0,Zero
DATAFLOW,OECD.ELS.SAE:DSD_EARNINGS@AV_AN_WAGE(1.0),Average annual wages,I,NLD,Netherlands,WG,Wages,USD_PPP,"US dollars, PPP converted",A,Annual,Q,Constant prices,MEAN,Mean,_Z,Not applicable,1997,,71327.592,,2024,,A,Normal value,0,Units,0,Zero
DATAFLOW,OECD.ELS.SAE:DSD_EARNINGS@AV_AN_WAGE(1.0),Average annual wages,I,NLD,Netherlands,WG,Wages,USD_PPP,"US dollars, PPP converted",A,Annual,Q,Constant prices,MEAN,Mean,_Z,Not applicable,1998,,69043.97,,2024,,A,Normal value,0,Units,0,Zero
DATAFLOW,OECD.ELS.SAE:DSD_EARNINGS@AV_AN_WAGE(1.0),Average annual wages,I,NLD,Netherlands,WG,Wages,USD_PPP,"US dollars, PPP converted",A,Annual,Q,Constant prices,MEAN,Mean,_Z,Not applicable,1999,,70362.751,,2024,,A,Normal value,0,Units,0,Zero
DATAFLOW,OECD.ELS.SAE:DSD_EARNINGS@AV_AN_WAGE(1.0),Average annual wages,I,NLD,Netherlands,WG,Wages,USD_PPP,"US dollars, PPP converted",A,Annual,Q,Constant prices,MEAN,Mean,_Z,Not applicable,2000,,72084.869,,2024,,A,Normal value,0,Units,0,Zero
DATAFLOW,OECD.ELS.SAE:DSD_EARNINGS@AV_AN_WAGE(1.0),Average annual wages,I,NLD,Netherlands,WG,Wages,USD_PPP,"US dollars, PPP converted",A,Annual,Q,Constant prices,MEAN,Mean,_Z,Not applicable,2001,,73154.48,,2024,,A,Normal value,0,Units,0,Zero
DATAFLOW,OECD.ELS.SAE:DSD_EARNINGS@AV_AN_WAGE(1.0),Average annual wages,I,NLD,Netherlands,WG,Wages,USD_PPP,"US dollars, PPP converted",A,Annual,Q,Constant prices,MEAN,Mean,_Z,Not applicable,2002,,73381.387,,2024,,A,Normal value,0,Units,0,Zero
DATAFLOW,OECD.ELS.SAE:DSD_EARNINGS@AV_AN_WAGE(1.0),Average annual wages,I,NLD,Netherlands,WG,Wages,USD_PPP,"US dollars, PPP converted",A,Annual,Q,Constant prices,MEAN,Mean,_Z,Not applicable,2003,,73899.22,,2024,,A,Normal value,0,Units,0,Zero
DATAFLOW,OECD.ELS.SAE:DSD_EARNINGS@AV_AN_WAGE(1.0),Average annual wages,I,NLD,Netherlands,WG,Wages,USD_PPP,"US dollars, PPP converted",A,Annual,Q,Constant prices,MEAN,Mean,_Z,Not applicable,2004,,75061.66,,2024,,A,Normal value,0,Units,0,Zero
DATAFLOW,OECD.ELS.SAE:DSD_EARNINGS@AV_AN_WAGE(1.0),Average annual wages,I,NLD,Netherlands,WG,Wages,USD_PPP,"US dollars, PPP converted",A,Annual,Q,Constant prices,MEAN,Mean,_Z,Not applicable,2005,,75061.284,,2024,,A,Normal value,0,Units,0,Zero
DATAFLOW,OECD.ELS.SAE:DSD_EARNINGS@AV_AN_WAGE(1.0),Average annual wages,I,NLD,Netherlands,WG,Wages,USD_PPP,"US dollars, PPP converted",A,Annual,Q,Constant prices,MEAN,Mean,_Z,Not applicable,2006,,74897.943,,2024,,A,Normal value,0,Units,0,Zero
DATAFLOW,OECD.ELS.SAE:DSD_EARNINGS@AV_AN_WAGE(1.0),Average annual wages,I,NLD,Netherlands,WG,Wages,USD_PPP,"US dollars, PPP converted",A,Annual,Q,Constant prices,MEAN,Mean,_Z,Not applicable,2007,,75941.883,,2024,,A,Normal value,0,Units,0,Zero
DATAFLOW,OECD.ELS.SAE:DSD_EARNINGS@AV_AN_WAGE(1.0),Average annual wages,I,NLD,Netherlands,WG,Wages,USD_PPP,"US dollars, PPP converted",A,Annual,Q,Constant prices,MEAN,Mean,_Z,Not applicable,2008,,76402.584,,2024,,A,Normal value,0,Units,0,Zero
DATAFLOW,OECD.ELS.SAE:DSD_EARNINGS@AV_AN_WAGE(1.0),Average annual wages,I,NLD,Netherlands,WG,Wages,USD_PPP,"US dollars, PPP converted",A,Annual,Q,Constant prices,MEAN,Mean,_Z,Not applicable,2009,,79334.372,,2024,,A,Normal value,0,Units,0,Zero
DATAFLOW,OECD.ELS.SAE:DSD_EARNINGS@AV_AN_WAGE(1.0),Average annual wages,I,NLD,Netherlands,WG,Wages,USD_PPP,"US dollars, PPP converted",A,Annual,Q,Constant prices,MEAN,Mean,_Z,Not applicable,2010,,79440.635,,2024,,A,Normal value,0,Units,0,Zero
DATAFLOW,OECD.ELS.SAE:DSD_EARNINGS@AV_AN_WAGE(1.0),Average annual wages,I,NLD,Netherlands,WG,Wages,USD_PPP,"US dollars, PPP converted",A,Annual,Q,Constant prices,MEAN,Mean,_Z,Not applicable,2011,,79184.004,,2024,,A,Normal value,0,Units,0,Zero
DATAFLOW,OECD.ELS.SAE:DSD_EARNINGS@AV_AN_WAGE(1.0),Average annual wages,I,NLD,Netherlands,WG,Wages,USD_PPP,"US dollars, PPP converted",A,Annual,Q,Constant prices,MEAN,Mean,_Z,Not applicable,2012,,79447.713,,2024,,A,Normal value,0,Units,0,Zero
DATAFLOW,OECD.ELS.SAE:DSD_EARNINGS@AV_AN_WAGE(1.0),Average annual wages,I,NLD,Netherlands,WG,Wages,USD_PPP,"US dollars, PPP converted",A,Annual,Q,Constant prices,MEAN,Mean,_Z,Not applicable,2013,,79685.527,,2024,,A,Normal value,0,Units,0,Zero
DATAFLOW,OECD.ELS.SAE:DSD_EARNINGS@AV_AN_WAGE(1.0),Average annual wages,I,NLD,Netherlands,WG,Wages,USD_PPP,"US dollars, PPP converted",A,Annual,Q,Constant prices,MEAN,Mean,_Z,Not applicable,2014,,79252.486,,2024,,A,Normal value,0,Units,0,Zero
DATAFLOW,OECD.ELS.SAE:DSD_EARNINGS@AV_AN_WAGE(1.0),Average annual wages,I,NLD,Netherlands,WG,Wages,USD_PPP,"US dollars, PPP converted",A,Annual,Q,Constant prices,MEAN,Mean,_Z,Not applicable,2015,,80217.997,,2024,,A,Normal value,0,Units,0,Zero
DATAFLOW,OECD.ELS.SAE:DSD_EARNINGS@AV_AN_WAGE(1.0),Average annual wages,I,NLD,Netherlands,WG,Wages,USD_PPP,"US dollars, PPP converted",A,Annual,Q,Constant prices,MEAN,Mean,_Z,Not applicable,2016,,80537.957,,2024,,A,Normal value,0,Units,0,Zero
DATAFLOW,OECD.ELS.SAE:DSD_EARNINGS@AV_AN_WAGE(1.0),Average annual wages,I,NLD,Netherlands,WG,Wages,USD_PPP,"US dollars, PPP converted",A,Annual,Q,Constant prices,MEAN,Mean,_Z,Not applicable,2017,,79950.742,,2024,,A,Normal value,0,Units,0,Zero
DATAFLOW,OECD.ELS.SAE:DSD_EARNINGS@AV_AN_WAGE(1.0),Average annual wages,I,NLD,Netherlands,WG,Wages,USD_PPP,"US dollars, PPP converted",A,Annual,Q,Constant prices,MEAN,Mean,_Z,Not applicable,2018,,79065.384,,2024,,A,Normal value,0,Units,0,Zero
DATAFLOW,OECD.ELS.SAE:DSD_EARNINGS@AV_AN_WAGE(1.0),Average annual wages,I,NLD,Netherlands,WG,Wages,USD_PPP,"US dollars, PPP converted",A,Annual,Q,Constant prices,MEAN,Mean,_Z,Not applicable,2019,,78508.106,,2024,,A,Normal value,0,Units,0,Zero
DATAFLOW,OECD.ELS.SAE:DSD_EARNINGS@AV_AN_WAGE(1.0),Average annual wages,I,NLD,Netherlands,WG,Wages,USD_PPP,"US dollars, PPP converted",A,Annual,Q,Constant prices,MEAN,Mean,_Z,Not applicable,2020,,80227.278,,2024,,A,Normal value,0,Units,0,Zero
DATAFLOW,OECD.ELS.SAE:DSD_EARNINGS@AV_AN_WAGE(1.0),Average annual wages,I,NLD,Netherlands,WG,Wages,USD_PPP,"US dollars, PPP converted",A,Annual,Q,Constant prices,MEAN,Mean,_Z,Not applicable,2021,,79311.801,,2024,,A,Normal value,0,Units,0,Zero
DATAFLOW,OECD.ELS.SAE:DSD_EARNINGS@AV_AN_WAGE(1.0),Average annual wages,I,NLD,Netherlands,WG,Wages,USD_PPP,"US dollars, PPP converted",A,Annual,Q,Constant prices,MEAN,Mean,_Z,Not applicable,2022,,76238.334,,2024,,A,Normal value,0,Units,0,Zero
DATAFLOW,OECD.ELS.SAE:DSD_EARNINGS@AV_AN_WAGE(1.0),Average annual wages,I,NLD,Netherlands,WG,Wages,USD_PPP,"US dollars, PPP converted",A,Annual,Q,Constant prices,MEAN,Mean,_Z,Not applicable,2023,,74549.094,,2024,,A,Normal value,0,Units,0,Zero
DATAFLOW,OECD.ELS.SAE:DSD_EARNINGS@AV_AN_WAGE(1.0),Average annual wages,I,NLD,Netherlands,WG,Wages,USD_PPP,"US dollars, PPP converted",A,Annual,Q,Constant prices,MEAN,Mean,_Z,Not applicable,2024,,75370.097,,2024,,A,Normal value,0,Units,0,Zero
DATAFLOW,OECD.ELS.SAE:DSD_EARNINGS@AV_AN_WAGE(1.0),Average annual wages,I,PRT,Portugal,WG,Wages,USD_PPP,"US dollars, PPP converted",A,Annual,Q,Constant prices,MEAN,Mean,_Z,Not applicable,1995,,33002.427,,2024,,A,Normal value,0,Units,0,Zero
DATAFLOW,OECD.ELS.SAE:DSD_EARNINGS@AV_AN_WAGE(1.0),Average annual wages,I,PRT,Portugal,WG,Wages,USD_PPP,"US dollars, PPP converted",A,Annual,Q,Constant prices,MEAN,Mean,_Z,Not applicable,1996,,34223.411,,2024,,A,Normal value,0,Units,0,Zero
DATAFLOW,OECD.ELS.SAE:DSD_EARNINGS@AV_AN_WAGE(1.0),Average annual wages,I,PRT,Portugal,WG,Wages,USD_PPP,"US dollars, PPP converted",A,Annual,Q,Constant prices,MEAN,Mean,_Z,Not applicable,1997,,35113.181,,2024,,A,Normal value,0,Units,0,Zero
DATAFLOW,OECD.ELS.SAE:DSD_EARNINGS@AV_AN_WAGE(1.0),Average annual wages,I,PRT,Portugal,WG,Wages,USD_PPP,"US dollars, PPP converted",A,Annual,Q,Constant prices,MEAN,Mean,_Z,Not applicable,1998,,35552.5,,2024,,A,Normal value,0,Units,0,Zero
DATAFLOW,OECD.ELS.SAE:DSD_EARNINGS@AV_AN_WAGE(1.0),Average annual wages,I,PRT,Portugal,WG,Wages,USD_PPP,"US dollars, PPP converted",A,Annual,Q,Constant prices,MEAN,Mean,_Z,Not applicable,1999,,36763.359,,2024,,A,Normal value,0,Units,0,Zero
DATAFLOW,OECD.ELS.SAE:DSD_EARNINGS@AV_AN_WAGE(1.0),Average annual wages,I,PRT,Portugal,WG,Wages,USD_PPP,"US dollars, PPP converted",A,Annual,Q,Constant prices,MEAN,Mean,_Z,Not applicable,2000,,37274.178,,2024,,A,Normal value,0,Units,0,Zero
DATAFLOW,OECD.ELS.SAE:DSD_EARNINGS@AV_AN_WAGE(1.0),Average annual wages,I,PRT,Portugal,WG,Wages,USD_PPP,"US dollars, PPP converted",A,Annual,Q,Constant prices,MEAN,Mean,_Z,Not applicable,2001,,37423.861,,2024,,A,Normal value,0,Units,0,Zero
DATAFLOW,OECD.ELS.SAE:DSD_EARNINGS@AV_AN_WAGE(1.0),Average annual wages,I,PRT,Portugal,WG,Wages,USD_PPP,"US dollars, PPP converted",A,Annual,Q,Constant prices,MEAN,Mean,_Z,Not applicable,2002,,37407.735,,2024,,A,Normal value,0,Units,0,Zero
DATAFLOW,OECD.ELS.SAE:DSD_EARNINGS@AV_AN_WAGE(1.0),Average annual wages,I,PRT,Portugal,WG,Wages,USD_PPP,"US dollars, PPP converted",A,Annual,Q,Constant prices,MEAN,Mean,_Z,Not applicable,2003,,37321.556,,2024,,A,Normal value,0,Units,0,Zero
DATAFLOW,OECD.ELS.SAE:DSD_EARNINGS@AV_AN_WAGE(1.0),Average annual wages,I,PRT,Portugal,WG,Wages,USD_PPP,"US dollars, PPP converted",A,Annual,Q,Constant prices,MEAN,Mean,_Z,Not applicable,2004,,37371.102,,2024,,A,Normal value,0,Units,0,Zero
DATAFLOW,OECD.ELS.SAE:DSD_EARNINGS@AV_AN_WAGE(1.0),Average annual wages,I,PRT,Portugal,WG,Wages,USD_PPP,"US dollars, PPP converted",A,Annual,Q,Constant prices,MEAN,Mean,_Z,Not applicable,2005,,37166.811,,2024,,A,Normal value,0,Units,0,Zero
DATAFLOW,OECD.ELS.SAE:DSD_EARNINGS@AV_AN_WAGE(1.0),Average annual wages,I,PRT,Portugal,WG,Wages,USD_PPP,"US dollars, PPP converted",A,Annual,Q,Constant prices,MEAN,Mean,_Z,Not applicable,2006,,36360.178,,2024,,A,Normal value,0,Units,0,Zero
DATAFLOW,OECD.ELS.SAE:DSD_EARNINGS@AV_AN_WAGE(1.0),Average annual wages,I,PRT,Portugal,WG,Wages,USD_PPP,"US dollars, PPP converted",A,Annual,Q,Constant prices,MEAN,Mean,_Z,Not applicable,2007,,36602.684,,2024,,A,Normal value,0,Units,0,Zero
DATAFLOW,OECD.ELS.SAE:DSD_EARNINGS@AV_AN_WAGE(1.0),Average annual wages,I,PRT,Portugal,WG,Wages,USD_PPP,"US dollars, PPP converted",A,Annual,Q,Constant prices,MEAN,Mean,_Z,Not applicable,2008,,36480.541,,2024,,A,Normal value,0,Units,0,Zero
DATAFLOW,OECD.ELS.SAE:DSD_EARNINGS@AV_AN_WAGE(1.0),Average annual wages,I,PRT,Portugal,WG,Wages,USD_PPP,"US dollars, PPP converted",A,Annual,Q,Constant prices,MEAN,Mean,_Z,Not applicable,2009,,37908.795,,2024,,A,Normal value,0,Units,0,Zero
DATAFLOW,OECD.ELS.SAE:DSD_EARNINGS@AV_AN_WAGE(1.0),Average annual wages,I,PRT,Portugal,WG,Wages,USD_PPP,"US dollars, PPP converted",A,Annual,Q,Constant prices,MEAN,Mean,_Z,Not applicable,2010,,37767.447,,2024,,A,Normal value,0,Units,0,Zero
DATAFLOW,OECD.ELS.SAE:DSD_EARNINGS@AV_AN_WAGE(1.0),Average annual wages,I,PRT,Portugal,WG,Wages,USD_PPP,"US dollars, PPP converted",A,Annual,Q,Constant prices,MEAN,Mean,_Z,Not applicable,2011,,36895.314,,2024,,A,Normal value,0,Units,0,Zero
DATAFLOW,OECD.ELS.SAE:DSD_EARNINGS@AV_AN_WAGE(1.0),Average annual wages,I,PRT,Portugal,WG,Wages,USD_PPP,"US dollars, PPP converted",A,Annual,Q,Constant prices,MEAN,Mean,_Z,Not applicable,2012,,35275.049,,2024,,A,Normal value,0,Units,0,Zero
DATAFLOW,OECD.ELS.SAE:DSD_EARNINGS@AV_AN_WAGE(1.0),Average annual wages,I,PRT,Portugal,WG,Wages,USD_PPP,"US dollars, PPP converted",A,Annual,Q,Constant prices,MEAN,Mean,_Z,Not applicable,2013,,35943.669,,2024,,A,Normal value,0,Units,0,Zero
DATAFLOW,OECD.ELS.SAE:DSD_EARNINGS@AV_AN_WAGE(1.0),Average annual wages,I,PRT,Portugal,WG,Wages,USD_PPP,"US dollars, PPP converted",A,Annual,Q,Constant prices,MEAN,Mean,_Z,Not applicable,2014,,35355.799,,2024,,A,Normal value,0,Units,0,Zero
DATAFLOW,OECD.ELS.SAE:DSD_EARNINGS@AV_AN_WAGE(1.0),Average annual wages,I,PRT,Portugal,WG,Wages,USD_PPP,"US dollars, PPP converted",A,Annual,Q,Constant prices,MEAN,Mean,_Z,Not applicable,2015,,35271.283,,2024,,A,Normal value,0,Units,0,Zero
DATAFLOW,OECD.ELS.SAE:DSD_EARNINGS@AV_AN_WAGE(1.0),Average annual wages,I,PRT,Portugal,WG,Wages,USD_PPP,"US dollars, PPP converted",A,Annual,Q,Constant prices,MEAN,Mean,_Z,Not applicable,2016,,35282.081,,2024,,A,Normal value,0,Units,0,Zero
DATAFLOW,OECD.ELS.SAE:DSD_EARNINGS@AV_AN_WAGE(1.0),Average annual wages,I,PRT,Portugal,WG,Wages,USD_PPP,"US dollars, PPP converted",A,Annual,Q,Constant prices,MEAN,Mean,_Z,Not applicable,2017,,35428.086,,2024,,A,Normal value,0,Units,0,Zero
DATAFLOW,OECD.ELS.SAE:DSD_EARNINGS@AV_AN_WAGE(1.0),Average annual wages,I,PRT,Portugal,WG,Wages,USD_PPP,"US dollars, PPP converted",A,Annual,Q,Constant prices,MEAN,Mean,_Z,Not applicable,2018,,36005.681,,2024,,A,Normal value,0,Units,0,Zero
DATAFLOW,OECD.ELS.SAE:DSD_EARNINGS@AV_AN_WAGE(1.0),Average annual wages,I,PRT,Portugal,WG,Wages,USD_PPP,"US dollars, PPP converted",A,Annual,Q,Constant prices,MEAN,Mean,_Z,Not applicable,2019,,37404.247,,2024,,A,Normal value,0,Units,0,Zero
DATAFLOW,OECD.ELS.SAE:DSD_EARNINGS@AV_AN_WAGE(1.0),Average annual wages,I,PRT,Portugal,WG,Wages,USD_PPP,"US dollars, PPP converted",A,Annual,Q,Constant prices,MEAN,Mean,_Z,Not applicable,2020,,37661.36,,2024,,A,Normal value,0,Units,0,Zero
DATAFLOW,OECD.ELS.SAE:DSD_EARNINGS@AV_AN_WAGE(1.0),Average annual wages,I,PRT,Portugal,WG,Wages,USD_PPP,"US dollars, PPP converted",A,Annual,Q,Constant prices,MEAN,Mean,_Z,Not applicable,2021,,38404.49,,2024,,A,Normal value,0,Units,0,Zero
DATAFLOW,OECD.ELS.SAE:DSD_EARNINGS@AV_AN_WAGE(1.0),Average annual wages,I,PRT,Portugal,WG,Wages,USD_PPP,"US dollars, PPP converted",A,Annual,Q,Constant prices,MEAN,Mean,_Z,Not applicable,2022,,37961.497,,2024,,A,Normal value,0,Units,0,Zero
DATAFLOW,OECD.ELS.SAE:DSD_EARNINGS@AV_AN_WAGE(1.0),Average annual wages,I,PRT,Portugal,WG,Wages,USD_PPP,"US dollars, PPP converted",A,Annual,Q,Constant prices,MEAN,Mean,_Z,Not applicable,2023,,38958.113,,2024,,A,Normal value,0,Units,0,Zero
DATAFLOW,OECD.ELS.SAE:DSD_EARNINGS@AV_AN_WAGE(1.0),Average annual wages,I,PRT,Portugal,WG,Wages,USD_PPP,"US dollars, PPP converted",A,Annual,Q,Constant prices,MEAN,Mean,_Z,Not applicable,2024,,40002.449,,2024,,A,Normal value,0,Units,0,Zero
DATAFLOW,OECD.ELS.SAE:DSD_EARNINGS@AV_AN_WAGE(1.0),Average annual wages,I,ESP,Spain,WG,Wages,USD_PPP,"US dollars, PPP converted",A,Annual,Q,Constant prices,MEAN,Mean,_Z,Not applicable,1990,,48340.119,,2024,,A,Normal value,0,Units,0,Zero
DATAFLOW,OECD.ELS.SAE:DSD_EARNINGS@AV_AN_WAGE(1.0),Average annual wages,I,ESP,Spain,WG,Wages,USD_PPP,"US dollars, PPP converted",A,Annual,Q,Constant prices,MEAN,Mean,_Z,Not applicable,1991,,49881.658,,2024,,A,Normal value,0,Units,0,Zero
DATAFLOW,OECD.ELS.SAE:DSD_EARNINGS@AV_AN_WAGE(1.0),Average annual wages,I,ESP,Spain,WG,Wages,USD_PPP,"US dollars, PPP converted",A,Annual,Q,Constant prices,MEAN,Mean,_Z,Not applicable,1992,,51725.009,,2024,,A,Normal value,0,Units,0,Zero
DATAFLOW,OECD.ELS.SAE:DSD_EARNINGS@AV_AN_WAGE(1.0),Average annual wages,I,ESP,Spain,WG,Wages,USD_PPP,"US dollars, PPP converted",A,Annual,Q,Constant prices,MEAN,Mean,_Z,Not applicable,1993,,52551.254,,2024,,A,Normal value,0,Units,0,Zero
DATAFLOW,OECD.ELS.SAE:DSD_EARNINGS@AV_AN_WAGE(1.0),Average annual wages,I,ESP,Spain,WG,Wages,USD_PPP,"US dollars, PPP converted",A,Annual,Q,Constant prices,MEAN,Mean,_Z,Not applicable,1994,,53100.066,,2024,,A,Normal value,0,Units,0,Zero
DATAFLOW,OECD.ELS.SAE:DSD_EARNINGS@AV_AN_WAGE(1.0),Average annual wages,I,ESP,Spain,WG,Wages,USD_PPP,"US dollars, PPP converted",A,Annual,Q,Constant prices,MEAN,Mean,_Z,Not applicable,1995,,52046.36,,2024,,A,Normal value,0,Units,0,Zero
DATAFLOW,OECD.ELS.SAE:DSD_EARNINGS@AV_AN_WAGE(1.0),Average annual wages,I,ESP,Spain,WG,Wages,USD_PPP,"US dollars, PPP converted",A,Annual,Q,Constant prices,MEAN,Mean,_Z,Not applicable,1996,,52751.265,,2024,,A,Normal value,0,Units,0,Zero
DATAFLOW,OECD.ELS.SAE:DSD_EARNINGS@AV_AN_WAGE(1.0),Average annual wages,I,ESP,Spain,WG,Wages,USD_PPP,"US dollars, PPP converted",A,Annual,Q,Constant prices,MEAN,Mean,_Z,Not applicable,1997,,52807.812,,2024,,A,Normal value,0,Units,0,Zero
DATAFLOW,OECD.ELS.SAE:DSD_EARNINGS@AV_AN_WAGE(1.0),Average annual wages,I,ESP,Spain,WG,Wages,USD_PPP,"US dollars, PPP converted",A,Annual,Q,Constant prices,MEAN,Mean,_Z,Not applicable,1998,,53090.12,,2024,,A,Normal value,0,Units,0,Zero
DATAFLOW,OECD.ELS.SAE:DSD_EARNINGS@AV_AN_WAGE(1.0),Average annual wages,I,ESP,Spain,WG,Wages,USD_PPP,"US dollars, PPP converted",A,Annual,Q,Constant prices,MEAN,Mean,_Z,Not applicable,1999,,53058.976,,2024,,A,Normal value,0,Units,0,Zero
DATAFLOW,OECD.ELS.SAE:DSD_EARNINGS@AV_AN_WAGE(1.0),Average annual wages,I,ESP,Spain,WG,Wages,USD_PPP,"US dollars, PPP converted",A,Annual,Q,Constant prices,MEAN,Mean,_Z,Not applicable,2000,,51905.267,,2024,,A,Normal value,0,Units,0,Zero
DATAFLOW,OECD.ELS.SAE:DSD_EARNINGS@AV_AN_WAGE(1.0),Average annual wages,I,ESP,Spain,WG,Wages,USD_PPP,"US dollars, PPP converted",A,Annual,Q,Constant prices,MEAN,Mean,_Z,Not applicable,2001,,51633.645,,2024,,A,Normal value,0,Units,0,Zero
DATAFLOW,OECD.ELS.SAE:DSD_EARNINGS@AV_AN_WAGE(1.0),Average annual wages,I,ESP,Spain,WG,Wages,USD_PPP,"US dollars, PPP converted",A,Annual,Q,Constant prices,MEAN,Mean,_Z,Not applicable,2002,,51892.464,,2024,,A,Normal value,0,Units,0,Zero
DATAFLOW,OECD.ELS.SAE:DSD_EARNINGS@AV_AN_WAGE(1.0),Average annual wages,I,ESP,Spain,WG,Wages,USD_PPP,"US dollars, PPP converted",A,Annual,Q,Constant prices,MEAN,Mean,_Z,Not applicable,2003,,51628.571,,2024,,A,Normal value,0,Units,0,Zero
DATAFLOW,OECD.ELS.SAE:DSD_EARNINGS@AV_AN_WAGE(1.0),Average annual wages,I,ESP,Spain,WG,Wages,USD_PPP,"US dollars, PPP converted",A,Annual,Q,Constant prices,MEAN,Mean,_Z,Not applicable,2004,,50971.497,,2024,,A,Normal value,0,Units,0,Zero
DATAFLOW,OECD.ELS.SAE:DSD_EARNINGS@AV_AN_WAGE(1.0),Average annual wages,I,ESP,Spain,WG,Wages,USD_PPP,"US dollars, PPP converted",A,Annual,Q,Constant prices,MEAN,Mean,_Z,Not applicable,2005,,51191.285,,2024,,A,Normal value,0,Units,0,Zero
DATAFLOW,OECD.ELS.SAE:DSD_EARNINGS@AV_AN_WAGE(1.0),Average annual wages,I,ESP,Spain,WG,Wages,USD_PPP,"US dollars, PPP converted",A,Annual,Q,Constant prices,MEAN,Mean,_Z,Not applicable,2006,,50946.93,,2024,,A,Normal value,0,Units,0,Zero
DATAFLOW,OECD.ELS.SAE:DSD_EARNINGS@AV_AN_WAGE(1.0),Average annual wages,I,ESP,Spain,WG,Wages,USD_PPP,"US dollars, PPP converted",A,Annual,Q,Constant prices,MEAN,Mean,_Z,Not applicable,2007,,51498.848,,2024,,A,Normal value,0,Units,0,Zero
DATAFLOW,OECD.ELS.SAE:DSD_EARNINGS@AV_AN_WAGE(1.0),Average annual wages,I,ESP,Spain,WG,Wages,USD_PPP,"US dollars, PPP converted",A,Annual,Q,Constant prices,MEAN,Mean,_Z,Not applicable,2008,,53318.729,,2024,,A,Normal value,0,Units,0,Zero
DATAFLOW,OECD.ELS.SAE:DSD_EARNINGS@AV_AN_WAGE(1.0),Average annual wages,I,ESP,Spain,WG,Wages,USD_PPP,"US dollars, PPP converted",A,Annual,Q,Constant prices,MEAN,Mean,_Z,Not applicable,2009,,56675.193,,2024,,A,Normal value,0,Units,0,Zero
DATAFLOW,OECD.ELS.SAE:DSD_EARNINGS@AV_AN_WAGE(1.0),Average annual wages,I,ESP,Spain,WG,Wages,USD_PPP,"US dollars, PPP converted",A,Annual,Q,Constant prices,MEAN,Mean,_Z,Not applicable,2010,,56137.603,,2024,,A,Normal value,0,Units,0,Zero
DATAFLOW,OECD.ELS.SAE:DSD_EARNINGS@AV_AN_WAGE(1.0),Average annual wages,I,ESP,Spain,WG,Wages,USD_PPP,"US dollars, PPP converted",A,Annual,Q,Constant prices,MEAN,Mean,_Z,Not applicable,2011,,55135.424,,2024,,A,Normal value,0,Units,0,Zero
DATAFLOW,OECD.ELS.SAE:DSD_EARNINGS@AV_AN_WAGE(1.0),Average annual wages,I,ESP,Spain,WG,Wages,USD_PPP,"US dollars, PPP converted",A,Annual,Q,Constant prices,MEAN,Mean,_Z,Not applicable,2012,,53590.706,,2024,,A,Normal value,0,Units,0,Zero
DATAFLOW,OECD.ELS.SAE:DSD_EARNINGS@AV_AN_WAGE(1.0),Average annual wages,I,ESP,Spain,WG,Wages,USD_PPP,"US dollars, PPP converted",A,Annual,Q,Constant prices,MEAN,Mean,_Z,Not applicable,2013,,53598.418,,2024,,A,Normal value,0,Units,0,Zero
DATAFLOW,OECD.ELS.SAE:DSD_EARNINGS@AV_AN_WAGE(1.0),Average annual wages,I,ESP,Spain,WG,Wages,USD_PPP,"US dollars, PPP converted",A,Annual,Q,Constant prices,MEAN,Mean,_Z,Not applicable,2014,,53430.788,,2024,,A,Normal value,0,Units,0,Zero
DATAFLOW,OECD.ELS.SAE:DSD_EARNINGS@AV_AN_WAGE(1.0),Average annual wages,I,ESP,Spain,WG,Wages,USD_PPP,"US dollars, PPP converted",A,Annual,Q,Constant prices,MEAN,Mean,_Z,Not applicable,2015,,54228.251,,2024,,A,Normal value,0,Units,0,Zero
DATAFLOW,OECD.ELS.SAE:DSD_EARNINGS@AV_AN_WAGE(1.0),Average annual wages,I,ESP,Spain,WG,Wages,USD_PPP,"US dollars, PPP converted",A,Annual,Q,Constant prices,MEAN,Mean,_Z,Not applicable,2016,,53926.995,,2024,,A,Normal value,0,Units,0,Zero
DATAFLOW,OECD.ELS.SAE:DSD_EARNINGS@AV_AN_WAGE(1.0),Average annual wages,I,ESP,Spain,WG,Wages,USD_PPP,"US dollars, PPP converted",A,Annual,Q,Constant prices,MEAN,Mean,_Z,Not applicable,2017,,53224.488,,2024,,A,Normal value,0,Units,0,Zero
DATAFLOW,OECD.ELS.SAE:DSD_EARNINGS@AV_AN_WAGE(1.0),Average annual wages,I,ESP,Spain,WG,Wages,USD_PPP,"US dollars, PPP converted",A,Annual,Q,Constant prices,MEAN,Mean,_Z,Not applicable,2018,,53084.228,,2024,,A,Normal value,0,Units,0,Zero
DATAFLOW,OECD.ELS.SAE:DSD_EARNINGS@AV_AN_WAGE(1.0),Average annual wages,I,ESP,Spain,WG,Wages,USD_PPP,"US dollars, PPP converted",A,Annual,Q,Constant prices,MEAN,Mean,_Z,Not applicable,2019,,53700.459,,2024,,A,Normal value,0,Units,0,Zero
DATAFLOW,OECD.ELS.SAE:DSD_EARNINGS@AV_AN_WAGE(1.0),Average annual wages,I,ESP,Spain,WG,Wages,USD_PPP,"US dollars, PPP converted",A,Annual,Q,Constant prices,MEAN,Mean,_Z,Not applicable,2020,,53463.182,,2024,,A,Normal value,0,Units,0,Zero
DATAFLOW,OECD.ELS.SAE:DSD_EARNINGS@AV_AN_WAGE(1.0),Average annual wages,I,ESP,Spain,WG,Wages,USD_PPP,"US dollars, PPP converted",A,Annual,Q,Constant prices,MEAN,Mean,_Z,Not applicable,2021,,55356.659,,2024,,A,Normal value,0,Units,0,Zero
DATAFLOW,OECD.ELS.SAE:DSD_EARNINGS@AV_AN_WAGE(1.0),Average annual wages,I,ESP,Spain,WG,Wages,USD_PPP,"US dollars, PPP converted",A,Annual,Q,Constant prices,MEAN,Mean,_Z,Not applicable,2022,,53954.498,,2024,,A,Normal value,0,Units,0,Zero
DATAFLOW,OECD.ELS.SAE:DSD_EARNINGS@AV_AN_WAGE(1.0),Average annual wages,I,ESP,Spain,WG,Wages,USD_PPP,"US dollars, PPP converted",A,Annual,Q,Constant prices,MEAN,Mean,_Z,Not applicable,2023,,54459.604,,2024,,A,Normal value,0,Units,0,Zero
DATAFLOW,OECD.ELS.SAE:DSD_EARNINGS@AV_AN_WAGE(1.0),Average annual wages,I,ESP,Spain,WG,Wages,USD_PPP,"US dollars, PPP converted",A,Annual,Q,Constant prices,MEAN,Mean,_Z,Not applicable,2024,,54564.408,,2024,,A,Normal value,0,Units,0,Zero
DATAFLOW,OECD.ELS.SAE:DSD_EARNINGS@AV_AN_WAGE(1.0),Average annual wages,I,SWE,Sweden,WG,Wages,USD_PPP,"US dollars, PPP converted",A,Annual,Q,Constant prices,MEAN,Mean,_Z,Not applicable,1990,,37430.396,,2024,,A,Normal value,0,Units,0,Zero
DATAFLOW,OECD.ELS.SAE:DSD_EARNINGS@AV_AN_WAGE(1.0),Average annual wages,I,SWE,Sweden,WG,Wages,USD_PPP,"US dollars, PPP converted",A,Annual,Q,Constant prices,MEAN,Mean,_Z,Not applicable,1991,,35648.147,,2024,,A,Normal value,0,Units,0,Zero
DATAFLOW,OECD.ELS.SAE:DSD_EARNINGS@AV_AN_WAGE(1.0),Average annual wages,I,SWE,Sweden,WG,Wages,USD_PPP,"US dollars, PPP converted",A,Annual,Q,Constant prices,MEAN,Mean,_Z,Not applicable,1992,,36765.198,,2024,,A,Normal value,0,Units,0,Zero
DATAFLOW,OECD.ELS.SAE:DSD_EARNINGS@AV_AN_WAGE(1.0),Average annual wages,I,SWE,Sweden,WG,Wages,USD_PPP,"US dollars, PPP converted",A,Annual,Q,Constant prices,MEAN,Mean,_Z,Not applicable,1993,,36283.48,,2024,,A,Normal value,0,Units,0,Zero
DATAFLOW,OECD.ELS.SAE:DSD_EARNINGS@AV_AN_WAGE(1.0),Average annual wages,I,SWE,Sweden,WG,Wages,USD_PPP,"US dollars, PPP converted",A,Annual,Q,Constant prices,MEAN,Mean,_Z,Not applicable,1994,,37174.1,,2024,,A,Normal value,0,Units,0,Zero
DATAFLOW,OECD.ELS.SAE:DSD_EARNINGS@AV_AN_WAGE(1.0),Average annual wages,I,SWE,Sweden,WG,Wages,USD_PPP,"US dollars, PPP converted",A,Annual,Q,Constant prices,MEAN,Mean,_Z,Not applicable,1995,,37266.858,,2024,,A,Normal value,0,Units,0,Zero
DATAFLOW,OECD.ELS.SAE:DSD_EARNINGS@AV_AN_WAGE(1.0),Average annual wages,I,SWE,Sweden,WG,Wages,USD_PPP,"US dollars, PPP converted",A,Annual,Q,Constant prices,MEAN,Mean,_Z,Not applicable,1996,,39478.175,,2024,,A,Normal value,0,Units,0,Zero
DATAFLOW,OECD.ELS.SAE:DSD_EARNINGS@AV_AN_WAGE(1.0),Average annual wages,I,SWE,Sweden,WG,Wages,USD_PPP,"US dollars, PPP converted",A,Annual,Q,Constant prices,MEAN,Mean,_Z,Not applicable,1997,,41048.83,,2024,,A,Normal value,0,Units,0,Zero
DATAFLOW,OECD.ELS.SAE:DSD_EARNINGS@AV_AN_WAGE(1.0),Average annual wages,I,SWE,Sweden,WG,Wages,USD_PPP,"US dollars, PPP converted",A,Annual,Q,Constant prices,MEAN,Mean,_Z,Not applicable,1998,,42402.079,,2024,,A,Normal value,0,Units,0,Zero
DATAFLOW,OECD.ELS.SAE:DSD_EARNINGS@AV_AN_WAGE(1.0),Average annual wages,I,SWE,Sweden,WG,Wages,USD_PPP,"US dollars, PPP converted",A,Annual,Q,Constant prices,MEAN,Mean,_Z,Not applicable,1999,,43291.884,,2024,,A,Normal value,0,Units,0,Zero
DATAFLOW,OECD.ELS.SAE:DSD_EARNINGS@AV_AN_WAGE(1.0),Average annual wages,I,SWE,Sweden,WG,Wages,USD_PPP,"US dollars, PPP converted",A,Annual,Q,Constant prices,MEAN,Mean,_Z,Not applicable,2000,,44677.134,,2024,,A,Normal value,0,Units,0,Zero
DATAFLOW,OECD.ELS.SAE:DSD_EARNINGS@AV_AN_WAGE(1.0),Average annual wages,I,SWE,Sweden,WG,Wages,USD_PPP,"US dollars, PPP converted",A,Annual,Q,Constant prices,MEAN,Mean,_Z,Not applicable,2001,,45204.129,,2024,,A,Normal value,0,Units,0,Zero
DATAFLOW,OECD.ELS.SAE:DSD_EARNINGS@AV_AN_WAGE(1.0),Average annual wages,I,SWE,Sweden,WG,Wages,USD_PPP,"US dollars, PPP converted",A,Annual,Q,Constant prices,MEAN,Mean,_Z,Not applicable,2002,,45805.063,,2024,,A,Normal value,0,Units,0,Zero
DATAFLOW,OECD.ELS.SAE:DSD_EARNINGS@AV_AN_WAGE(1.0),Average annual wages,I,SWE,Sweden,WG,Wages,USD_PPP,"US dollars, PPP converted",A,Annual,Q,Constant prices,MEAN,Mean,_Z,Not applicable,2003,,46186.957,,2024,,A,Normal value,0,Units,0,Zero
DATAFLOW,OECD.ELS.SAE:DSD_EARNINGS@AV_AN_WAGE(1.0),Average annual wages,I,SWE,Sweden,WG,Wages,USD_PPP,"US dollars, PPP converted",A,Annual,Q,Constant prices,MEAN,Mean,_Z,Not applicable,2004,,47711.077,,2024,,A,Normal value,0,Units,0,Zero
DATAFLOW,OECD.ELS.SAE:DSD_EARNINGS@AV_AN_WAGE(1.0),Average annual wages,I,SWE,Sweden,WG,Wages,USD_PPP,"US dollars, PPP converted",A,Annual,Q,Constant prices,MEAN,Mean,_Z,Not applicable,2005,,48903.574,,2024,,A,Normal value,0,Units,0,Zero
DATAFLOW,OECD.ELS.SAE:DSD_EARNINGS@AV_AN_WAGE(1.0),Average annual wages,I,SWE,Sweden,WG,Wages,USD_PPP,"US dollars, PPP converted",A,Annual,Q,Constant prices,MEAN,Mean,_Z,Not applicable,2006,,50273.23,,2024,,A,Normal value,0,Units,0,Zero
DATAFLOW,OECD.ELS.SAE:DSD_EARNINGS@AV_AN_WAGE(1.0),Average annual wages,I,SWE,Sweden,WG,Wages,USD_PPP,"US dollars, PPP converted",A,Annual,Q,Constant prices,MEAN,Mean,_Z,Not applicable,2007,,51961.973,,2024,,A,Normal value,0,Units,0,Zero
DATAFLOW,OECD.ELS.SAE:DSD_EARNINGS@AV_AN_WAGE(1.0),Average annual wages,I,SWE,Sweden,WG,Wages,USD_PPP,"US dollars, PPP converted",A,Annual,Q,Constant prices,MEAN,Mean,_Z,Not applicable,2008,,52957.345,,2024,,A,Normal value,0,Units,0,Zero
DATAFLOW,OECD.ELS.SAE:DSD_EARNINGS@AV_AN_WAGE(1.0),Average annual wages,I,SWE,Sweden,WG,Wages,USD_PPP,"US dollars, PPP converted",A,Annual,Q,Constant prices,MEAN,Mean,_Z,Not applicable,2009,,53136.007,,2024,,A,Normal value,0,Units,0,Zero
DATAFLOW,OECD.ELS.SAE:DSD_EARNINGS@AV_AN_WAGE(1.0),Average annual wages,I,SWE,Sweden,WG,Wages,USD_PPP,"US dollars, PPP converted",A,Annual,Q,Constant prices,MEAN,Mean,_Z,Not applicable,2010,,53787.945,,2024,,A,Normal value,0,Units,0,Zero
DATAFLOW,OECD.ELS.SAE:DSD_EARNINGS@AV_AN_WAGE(1.0),Average annual wages,I,SWE,Sweden,WG,Wages,USD_PPP,"US dollars, PPP converted",A,Annual,Q,Constant prices,MEAN,Mean,_Z,Not applicable,2011,,54613.811,,2024,,A,Normal value,0,Units,0,Zero
DATAFLOW,OECD.ELS.SAE:DSD_EARNINGS@AV_AN_WAGE(1.0),Average annual wages,I,SWE,Sweden,WG,Wages,USD_PPP,"US dollars, PPP converted",A,Annual,Q,Constant prices,MEAN,Mean,_Z,Not applicable,2012,,55767.103,,2024,,A,Normal value,0,Units,0,Zero
DATAFLOW,OECD.ELS.SAE:DSD_EARNINGS@AV_AN_WAGE(1.0),Average annual wages,I,SWE,Sweden,WG,Wages,USD_PPP,"US dollars, PPP converted",A,Annual,Q,Constant prices,MEAN,Mean,_Z,Not applicable,2013,,56389.216,,2024,,A,Normal value,0,Units,0,Zero
DATAFLOW,OECD.ELS.SAE:DSD_EARNINGS@AV_AN_WAGE(1.0),Average annual wages,I,SWE,Sweden,WG,Wages,USD_PPP,"US dollars, PPP converted",A,Annual,Q,Constant prices,MEAN,Mean,_Z,Not applicable,2014,,57017.496,,2024,,A,Normal value,0,Units,0,Zero
DATAFLOW,OECD.ELS.SAE:DSD_EARNINGS@AV_AN_WAGE(1.0),Average annual wages,I,SWE,Sweden,WG,Wages,USD_PPP,"US dollars, PPP converted",A,Annual,Q,Constant prices,MEAN,Mean,_Z,Not applicable,2015,,57866.957,,2024,,A,Normal value,0,Units,0,Zero
DATAFLOW,OECD.ELS.SAE:DSD_EARNINGS@AV_AN_WAGE(1.0),Average annual wages,I,SWE,Sweden,WG,Wages,USD_PPP,"US dollars, PPP converted",A,Annual,Q,Constant prices,MEAN,Mean,_Z,Not applicable,2016,,58772.062,,2024,,A,Normal value,0,Units,0,Zero
DATAFLOW,OECD.ELS.SAE:DSD_EARNINGS@AV_AN_WAGE(1.0),Average annual wages,I,SWE,Sweden,WG,Wages,USD_PPP,"US dollars, PPP converted",A,Annual,Q,Constant prices,MEAN,Mean,_Z,Not applicable,2017,,59097.301,,2024,,A,Normal value,0,Units,0,Zero
DATAFLOW,OECD.ELS.SAE:DSD_EARNINGS@AV_AN_WAGE(1.0),Average annual wages,I,SWE,Sweden,WG,Wages,USD_PPP,"US dollars, PPP converted",A,Annual,Q,Constant prices,MEAN,Mean,_Z,Not applicable,2018,,59392.321,,2024,,A,Normal value,0,Units,0,Zero
DATAFLOW,OECD.ELS.SAE:DSD_EARNINGS@AV_AN_WAGE(1.0),Average annual wages,I,SWE,Sweden,WG,Wages,USD_PPP,"US dollars, PPP converted",A,Annual,Q,Constant prices,MEAN,Mean,_Z,Not applicable,2019,,60019.439,,2024,,A,Normal value,0,Units,0,Zero
DATAFLOW,OECD.ELS.SAE:DSD_EARNINGS@AV_AN_WAGE(1.0),Average annual wages,I,SWE,Sweden,WG,Wages,USD_PPP,"US dollars, PPP converted",A,Annual,Q,Constant prices,MEAN,Mean,_Z,Not applicable,2020,,60782.828,,2024,,A,Normal value,0,Units,0,Zero
DATAFLOW,OECD.ELS.SAE:DSD_EARNINGS@AV_AN_WAGE(1.0),Average annual wages,I,SWE,Sweden,WG,Wages,USD_PPP,"US dollars, PPP converted",A,Annual,Q,Constant prices,MEAN,Mean,_Z,Not applicable,2021,,62240.011,,2024,,A,Normal value,0,Units,0,Zero
DATAFLOW,OECD.ELS.SAE:DSD_EARNINGS@AV_AN_WAGE(1.0),Average annual wages,I,SWE,Sweden,WG,Wages,USD_PPP,"US dollars, PPP converted",A,Annual,Q,Constant prices,MEAN,Mean,_Z,Not applicable,2022,,60566.698,,2024,,A,Normal value,0,Units,0,Zero
DATAFLOW,OECD.ELS.SAE:DSD_EARNINGS@AV_AN_WAGE(1.0),Average annual wages,I,SWE,Sweden,WG,Wages,USD_PPP,"US dollars, PPP converted",A,Annual,Q,Constant prices,MEAN,Mean,_Z,Not applicable,2023,,59058.071,,2024,,A,Normal value,0,Units,0,Zero
DATAFLOW,OECD.ELS.SAE:DSD_EARNINGS@AV_AN_WAGE(1.0),Average annual wages,I,SWE,Sweden,WG,Wages,USD_PPP,"US dollars, PPP converted",A,Annual,Q,Constant prices,MEAN,Mean,_Z,Not applicable,2024,,60415.321,,2024,,A,Normal value,0,Units,0,Zero
DATAFLOW,OECD.ELS.SAE:DSD_EARNINGS@AV_AN_WAGE(1.0),Average annual wages,I,GBR,United Kingdom,WG,Wages,USD_PPP,"US dollars, PPP converted",A,Annual,Q,Constant prices,MEAN,Mean,_Z,Not applicable,1990,,42903.917,,2024,,A,Normal value,0,Units,0,Zero
DATAFLOW,OECD.ELS.SAE:DSD_EARNINGS@AV_AN_WAGE(1.0),Average annual wages,I,GBR,United Kingdom,WG,Wages,USD_PPP,"US dollars, PPP converted",A,Annual,Q,Constant prices,MEAN,Mean,_Z,Not applicable,1991,,43012.58,,2024,,A,Normal value,0,Units,0,Zero
DATAFLOW,OECD.ELS.SAE:DSD_EARNINGS@AV_AN_WAGE(1.0),Average annual wages,I,GBR,United Kingdom,WG,Wages,USD_PPP,"US dollars, PPP converted",A,Annual,Q,Constant prices,MEAN,Mean,_Z,Not applicable,1992,,43871.676,,2024,,A,Normal value,0,Units,0,Zero
DATAFLOW,OECD.ELS.SAE:DSD_EARNINGS@AV_AN_WAGE(1.0),Average annual wages,I,GBR,United Kingdom,WG,Wages,USD_PPP,"US dollars, PPP converted",A,Annual,Q,Constant prices,MEAN,Mean,_Z,Not applicable,1993,,44586.841,,2024,,A,Normal value,0,Units,0,Zero
DATAFLOW,OECD.ELS.SAE:DSD_EARNINGS@AV_AN_WAGE(1.0),Average annual wages,I,GBR,United Kingdom,WG,Wages,USD_PPP,"US dollars, PPP converted",A,Annual,Q,Constant prices,MEAN,Mean,_Z,Not applicable,1994,,45375.054,,2024,,A,Normal value,0,Units,0,Zero
DATAFLOW,OECD.ELS.SAE:DSD_EARNINGS@AV_AN_WAGE(1.0),Average annual wages,I,GBR,United Kingdom,WG,Wages,USD_PPP,"US dollars, PPP converted",A,Annual,Q,Constant prices,MEAN,Mean,_Z,Not applicable,1995,,45386.18,,2024,,A,Normal value,0,Units,0,Zero
DATAFLOW,OECD.ELS.SAE:DSD_EARNINGS@AV_AN_WAGE(1.0),Average annual wages,I,GBR,United Kingdom,WG,Wages,USD_PPP,"US dollars, PPP converted",A,Annual,Q,Constant prices,MEAN,Mean,_Z,Not applicable,1996,,45356.574,,2024,,A,Normal value,0,Units,0,Zero
DATAFLOW,OECD.ELS.SAE:DSD_EARNINGS@AV_AN_WAGE(1.0),Average annual wages,I,GBR,United Kingdom,WG,Wages,USD_PPP,"US dollars, PPP converted",A,Annual,Q,Constant prices,MEAN,Mean,_Z,Not applicable,1997,,47104.556,,2024,,A,Normal value,0,Units,0,Zero
DATAFLOW,OECD.ELS.SAE:DSD_EARNINGS@AV_AN_WAGE(1.0),Average annual wages,I,GBR,United Kingdom,WG,Wages,USD_PPP,"US dollars, PPP converted",A,Annual,Q,Constant prices,MEAN,Mean,_Z,Not applicable,1998,,47826.731,,2024,,A,Normal value,0,Units,0,Zero
DATAFLOW,OECD.ELS.SAE:DSD_EARNINGS@AV_AN_WAGE(1.0),Average annual wages,I,GBR,United Kingdom,WG,Wages,USD_PPP,"US dollars, PPP converted",A,Annual,Q,Constant prices,MEAN,Mean,_Z,Not applicable,1999,,50209.356,,2024,,A,Normal value,0,Units,0,Zero
DATAFLOW,OECD.ELS.SAE:DSD_EARNINGS@AV_AN_WAGE(1.0),Average annual wages,I,GBR,United Kingdom,WG,Wages,USD_PPP,"US dollars, PPP converted",A,Annual,Q,Constant prices,MEAN,Mean,_Z,Not applicable,2000,,52593.342,,2024,,A,Normal value,0,Units,0,Zero
DATAFLOW,OECD.ELS.SAE:DSD_EARNINGS@AV_AN_WAGE(1.0),Average annual wages,I,GBR,United Kingdom,WG,Wages,USD_PPP,"US dollars, PPP converted",A,Annual,Q,Constant prices,MEAN,Mean,_Z,Not applicable,2001,,54743.935,,2024,,A,Normal value,0,Units,0,Zero
DATAFLOW,OECD.ELS.SAE:DSD_EARNINGS@AV_AN_WAGE(1.0),Average annual wages,I,GBR,United Kingdom,WG,Wages,USD_PPP,"US dollars, PPP converted",A,Annual,Q,Constant prices,MEAN,Mean,_Z,Not applicable,2002,,55339.732,,2024,,A,Normal value,0,Units,0,Zero
DATAFLOW,OECD.ELS.SAE:DSD_EARNINGS@AV_AN_WAGE(1.0),Average annual wages,I,GBR,United Kingdom,WG,Wages,USD_PPP,"US dollars, PPP converted",A,Annual,Q,Constant prices,MEAN,Mean,_Z,Not applicable,2003,,57094.795,,2024,,A,Normal value,0,Units,0,Zero
DATAFLOW,OECD.ELS.SAE:DSD_EARNINGS@AV_AN_WAGE(1.0),Average annual wages,I,GBR,United Kingdom,WG,Wages,USD_PPP,"US dollars, PPP converted",A,Annual,Q,Constant prices,MEAN,Mean,_Z,Not applicable,2004,,58770.982,,2024,,A,Normal value,0,Units,0,Zero
DATAFLOW,OECD.ELS.SAE:DSD_EARNINGS@AV_AN_WAGE(1.0),Average annual wages,I,GBR,United Kingdom,WG,Wages,USD_PPP,"US dollars, PPP converted",A,Annual,Q,Constant prices,MEAN,Mean,_Z,Not applicable,2005,,59357.288,,2024,,A,Normal value,0,Units,0,Zero
DATAFLOW,OECD.ELS.SAE:DSD_EARNINGS@AV_AN_WAGE(1.0),Average annual wages,I,GBR,United Kingdom,WG,Wages,USD_PPP,"US dollars, PPP converted",A,Annual,Q,Constant prices,MEAN,Mean,_Z,Not applicable,2006,,60350.978,,2024,,A,Normal value,0,Units,0,Zero
DATAFLOW,OECD.ELS.SAE:DSD_EARNINGS@AV_AN_WAGE(1.0),Average annual wages,I,GBR,United Kingdom,WG,Wages,USD_PPP,"US dollars, PPP converted",A,Annual,Q,Constant prices,MEAN,Mean,_Z,Not applicable,2007,,62815.579,,2024,,A,Normal value,0,Units,0,Zero
DATAFLOW,OECD.ELS.SAE:DSD_EARNINGS@AV_AN_WAGE(1.0),Average annual wages,I,GBR,United Kingdom,WG,Wages,USD_PPP,"US dollars, PPP converted",A,Annual,Q,Constant prices,MEAN,Mean,_Z,Not applicable,2008,,61138.752,,2024,,A,Normal value,0,Units,0,Zero
DATAFLOW,OECD.ELS.SAE:DSD_EARNINGS@AV_AN_WAGE(1.0),Average annual wages,I,GBR,United Kingdom,WG,Wages,USD_PPP,"US dollars, PPP converted",A,Annual,Q,Constant prices,MEAN,Mean,_Z,Not applicable,2009,,60961.878,,2024,,A,Normal value,0,Units,0,Zero
DATAFLOW,OECD.ELS.SAE:DSD_EARNINGS@AV_AN_WAGE(1.0),Average annual wages,I,GBR,United Kingdom,WG,Wages,USD_PPP,"US dollars, PPP converted",A,Annual,Q,Constant prices,MEAN,Mean,_Z,Not applicable,2010,,61224.207,,2024,,A,Normal value,0,Units,0,Zero
DATAFLOW,OECD.ELS.SAE:DSD_EARNINGS@AV_AN_WAGE(1.0),Average annual wages,I,GBR,United Kingdom,WG,Wages,USD_PPP,"US dollars, PPP converted",A,Annual,Q,Constant prices,MEAN,Mean,_Z,Not applicable,2011,,60107.071,,2024,,A,Normal value,0,Units,0,Zero
DATAFLOW,OECD.ELS.SAE:DSD_EARNINGS@AV_AN_WAGE(1.0),Average annual wages,I,GBR,United Kingdom,WG,Wages,USD_PPP,"US dollars, PPP converted",A,Annual,Q,Constant prices,MEAN,Mean,_Z,Not applicable,2012,,59635.157,,2024,,A,Normal value,0,Units,0,Zero
DATAFLOW,OECD.ELS.SAE:DSD_EARNINGS@AV_AN_WAGE(1.0),Average annual wages,I,GBR,United Kingdom,WG,Wages,USD_PPP,"US dollars, PPP converted",A,Annual,Q,Constant prices,MEAN,Mean,_Z,Not applicable,2013,,60147.759,,2024,,A,Normal value,0,Units,0,Zero
DATAFLOW,OECD.ELS.SAE:DSD_EARNINGS@AV_AN_WAGE(1.0),Average annual wages,I,GBR,United Kingdom,WG,Wages,USD_PPP,"US dollars, PPP converted",A,Annual,Q,Constant prices,MEAN,Mean,_Z,Not applicable,2014,,60339.735,,2024,,A,Normal value,0,Units,0,Zero
DATAFLOW,OECD.ELS.SAE:DSD_EARNINGS@AV_AN_WAGE(1.0),Average annual wages,I,GBR,United Kingdom,WG,Wages,USD_PPP,"US dollars, PPP converted",A,Annual,Q,Constant prices,MEAN,Mean,_Z,Not applicable,2015,,61166.958,,2024,,A,Normal value,0,Units,0,Zero
DATAFLOW,OECD.ELS.SAE:DSD_EARNINGS@AV_AN_WAGE(1.0),Average annual wages,I,GBR,United Kingdom,WG,Wages,USD_PPP,"US dollars, PPP converted",A,Annual,Q,Constant prices,MEAN,Mean,_Z,Not applicable,2016,,61886.804,,2024,,A,Normal value,0,Units,0,Zero
DATAFLOW,OECD.ELS.SAE:DSD_EARNINGS@AV_AN_WAGE(1.0),Average annual wages,I,GBR,United Kingdom,WG,Wages,USD_PPP,"US dollars, PPP converted",A,Annual,Q,Constant prices,MEAN,Mean,_Z,Not applicable,2017,,62302.379,,2024,,A,Normal value,0,Units,0,Zero
DATAFLOW,OECD.ELS.SAE:DSD_EARNINGS@AV_AN_WAGE(1.0),Average annual wages,I,GBR,United Kingdom,WG,Wages,USD_PPP,"US dollars, PPP converted",A,Annual,Q,Constant prices,MEAN,Mean,_Z,Not applicable,2018,,62515.19,,2024,,A,Normal value,0,Units,0,Zero
DATAFLOW,OECD.ELS.SAE:DSD_EARNINGS@AV_AN_WAGE(1.0),Average annual wages,I,GBR,United Kingdom,WG,Wages,USD_PPP,"US dollars, PPP converted",A,Annual,Q,Constant prices,MEAN,Mean,_Z,Not applicable,2019,,63237.752,,2024,,A,Normal value,0,Units,0,Zero
DATAFLOW,OECD.ELS.SAE:DSD_EARNINGS@AV_AN_WAGE(1.0),Average annual wages,I,GBR,United Kingdom,WG,Wages,USD_PPP,"US dollars, PPP converted",A,Annual,Q,Constant prices,MEAN,Mean,_Z,Not applicable,2020,,62432.983,,2024,,A,Normal value,0,Units,0,Zero
DATAFLOW,OECD.ELS.SAE:DSD_EARNINGS@AV_AN_WAGE(1.0),Average annual wages,I,GBR,United Kingdom,WG,Wages,USD_PPP,"US dollars, PPP converted",A,Annual,Q,Constant prices,MEAN,Mean,_Z,Not applicable,2021,,63586.187,,2024,,A,Normal value,0,Units,0,Zero
DATAFLOW,OECD.ELS.SAE:DSD_EARNINGS@AV_AN_WAGE(1.0),Average annual wages,I,GBR,United Kingdom,WG,Wages,USD_PPP,"US dollars, PPP converted",A,Annual,Q,Constant prices,MEAN,Mean,_Z,Not applicable,2022,,62476.54,,2024,,A,Normal value,0,Units,0,Zero
DATAFLOW,OECD.ELS.SAE:DSD_EARNINGS@AV_AN_WAGE(1.0),Average annual wages,I,GBR,United Kingdom,WG,Wages,USD_PPP,"US dollars, PPP converted",A,Annual,Q,Constant prices,MEAN,Mean,_Z,Not applicable,2023,,62797.046,,2024,,A,Normal value,0,Units,0,Zero
DATAFLOW,OECD.ELS.SAE:DSD_EARNINGS@AV_AN_WAGE(1.0),Average annual wages,I,GBR,United Kingdom,WG,Wages,USD_PPP,"US dollars, PPP converted",A,Annual,Q,Constant prices,MEAN,Mean,_Z,Not applicable,2024,,63690.773,,2024,,A,Normal value,0,Units,0,Zero
DATAFLOW,OECD.ELS.SAE:DSD_EARNINGS@AV_AN_WAGE(1.0),Average annual wages,I,OECD,OECD,WG,Wages,USD_PPP,"US dollars, PPP converted",A,Annual,Q,Constant prices,MEAN,Mean,_Z,Not applicable,1990,,45289.671,,2024,,A,Normal value,0,Units,0,Zero
DATAFLOW,OECD.ELS.SAE:DSD_EARNINGS@AV_AN_WAGE(1.0),Average annual wages,I,OECD,OECD,WG,Wages,USD_PPP,"US dollars, PPP converted",A,Annual,Q,Constant prices,MEAN,Mean,_Z,Not applicable,1991,,45621.634,,2024,,A,Normal value,0,Units,0,Zero
DATAFLOW,OECD.ELS.SAE:DSD_EARNINGS@AV_AN_WAGE(1.0),Average annual wages,I,OECD,OECD,WG,Wages,USD_PPP,"US dollars, PPP converted",A,Annual,Q,Constant prices,MEAN,Mean,_Z,Not applicable,1992,,46512.624,,2024,,A,Normal value,0,Units,0,Zero
DATAFLOW,OECD.ELS.SAE:DSD_EARNINGS@AV_AN_WAGE(1.0),Average annual wages,I,OECD,OECD,WG,Wages,USD_PPP,"US dollars, PPP converted",A,Annual,Q,Constant prices,MEAN,Mean,_Z,Not applicable,1993,,46595.631,,2024,,A,Normal value,0,Units,0,Zero
DATAFLOW,OECD.ELS.SAE:DSD_EARNINGS@AV_AN_WAGE(1.0),Average annual wages,I,OECD,OECD,WG,Wages,USD_PPP,"US dollars, PPP converted",A,Annual,Q,Constant prices,MEAN,Mean,_Z,Not applicable,1994,,46728.704,,2024,,A,Normal value,0,Units,0,Zero
DATAFLOW,OECD.ELS.SAE:DSD_EARNINGS@AV_AN_WAGE(1.0),Average annual wages,I,OECD,OECD,WG,Wages,USD_PPP,"US dollars, PPP converted",A,Annual,Q,Constant prices,MEAN,Mean,_Z,Not applicable,1995,,46833.843,,2024,,A,Normal value,0,Units,0,Zero
DATAFLOW,OECD.ELS.SAE:DSD_EARNINGS@AV_AN_WAGE(1.0),Average annual wages,I,OECD,OECD,WG,Wages,USD_PPP,"US dollars, PPP converted",A,Annual,Q,Constant prices,MEAN,Mean,_Z,Not applicable,1996,,47295.48,,2024,,A,Normal value,0,Units,0,Zero
DATAFLOW,OECD.ELS.SAE:DSD_EARNINGS@AV_AN_WAGE(1.0),Average annual wages,I,OECD,OECD,WG,Wages,USD_PPP,"US dollars, PPP converted",A,Annual,Q,Constant prices,MEAN,Mean,_Z,Not applicable,1997,,48098.339,,2024,,A,Normal value,0,Units,0,Zero
DATAFLOW,OECD.ELS.SAE:DSD_EARNINGS@AV_AN_WAGE(1.0),Average annual wages,I,OECD,OECD,WG,Wages,USD_PPP,"US dollars, PPP converted",A,Annual,Q,Constant prices,MEAN,Mean,_Z,Not applicable,1998,,49081.544,,2024,,A,Normal value,0,Units,0,Zero
DATAFLOW,OECD.ELS.SAE:DSD_EARNINGS@AV_AN_WAGE(1.0),Average annual wages,I,OECD,OECD,WG,Wages,USD_PPP,"US dollars, PPP converted",A,Annual,Q,Constant prices,MEAN,Mean,_Z,Not applicable,1999,,50193.173,,2024,,A,Normal value,0,Units,0,Zero
DATAFLOW,OECD.ELS.SAE:DSD_EARNINGS@AV_AN_WAGE(1.0),Average annual wages,I,OECD,OECD,WG,Wages,USD_PPP,"US dollars, PPP converted",A,Annual,Q,Constant prices,MEAN,Mean,_Z,Not applicable,2000,,51214.815,,2024,,A,Normal value,0,Units,0,Zero
DATAFLOW,OECD.ELS.SAE:DSD_EARNINGS@AV_AN_WAGE(1.0),Average annual wages,I,OECD,OECD,WG,Wages,USD_PPP,"US dollars, PPP converted",A,Annual,Q,Constant prices,MEAN,Mean,_Z,Not applicable,2001,,51750.366,,2024,,A,Normal value,0,Units,0,Zero
DATAFLOW,OECD.ELS.SAE:DSD_EARNINGS@AV_AN_WAGE(1.0),Average annual wages,I,OECD,OECD,WG,Wages,USD_PPP,"US dollars, PPP converted",A,Annual,Q,Constant prices,MEAN,Mean,_Z,Not applicable,2002,,51931.095,,2024,,A,Normal value,0,Units,0,Zero
DATAFLOW,OECD.ELS.SAE:DSD_EARNINGS@AV_AN_WAGE(1.0),Average annual wages,I,OECD,OECD,WG,Wages,USD_PPP,"US dollars, PPP converted",A,Annual,Q,Constant prices,MEAN,Mean,_Z,Not applicable,2003,,52399.609,,2024,,A,Normal value,0,Units,0,Zero
DATAFLOW,OECD.ELS.SAE:DSD_EARNINGS@AV_AN_WAGE(1.0),Average annual wages,I,OECD,OECD,WG,Wages,USD_PPP,"US dollars, PPP converted",A,Annual,Q,Constant prices,MEAN,Mean,_Z,Not applicable,2004,,53096.346,,2024,,A,Normal value,0,Units,0,Zero
DATAFLOW,OECD.ELS.SAE:DSD_EARNINGS@AV_AN_WAGE(1.0),Average annual wages,I,OECD,OECD,WG,Wages,USD_PPP,"US dollars, PPP converted",A,Annual,Q,Constant prices,MEAN,Mean,_Z,Not applicable,2005,,53462.233,,2024,,A,Normal value,0,Units,0,Zero
DATAFLOW,OECD.ELS.SAE:DSD_EARNINGS@AV_AN_WAGE(1.0),Average annual wages,I,OECD,OECD,WG,Wages,USD_PPP,"US dollars, PPP converted",A,Annual,Q,Constant prices,MEAN,Mean,_Z,Not applicable,2006,,53897.63,,2024,,A,Normal value,0,Units,0,Zero
DATAFLOW,OECD.ELS.SAE:DSD_EARNINGS@AV_AN_WAGE(1.0),Average annual wages,I,OECD,OECD,WG,Wages,USD_PPP,"US dollars, PPP converted",A,Annual,Q,Constant prices,MEAN,Mean,_Z,Not applicable,2007,,54621.638,,2024,,A,Normal value,0,Units,0,Zero
DATAFLOW,OECD.ELS.SAE:DSD_EARNINGS@AV_AN_WAGE(1.0),Average annual wages,I,OECD,OECD,WG,Wages,USD_PPP,"US dollars, PPP converted",A,Annual,Q,Constant prices,MEAN,Mean,_Z,Not applicable,2008,,54591.449,,2024,,A,Normal value,0,Units,0,Zero
DATAFLOW,OECD.ELS.SAE:DSD_EARNINGS@AV_AN_WAGE(1.0),Average annual wages,I,OECD,OECD,WG,Wages,USD_PPP,"US dollars, PPP converted",A,Annual,Q,Constant prices,MEAN,Mean,_Z,Not applicable,2009,,54990.553,,2024,,A,Normal value,0,Units,0,Zero
DATAFLOW,OECD.ELS.SAE:DSD_EARNINGS@AV_AN_WAGE(1.0),Average annual wages,I,OECD,OECD,WG,Wages,USD_PPP,"US dollars, PPP converted",A,Annual,Q,Constant prices,MEAN,Mean,_Z,Not applicable,2010,,55090.829,,2024,,A,Normal value,0,Units,0,Zero
DATAFLOW,OECD.ELS.SAE:DSD_EARNINGS@AV_AN_WAGE(1.0),Average annual wages,I,OECD,OECD,WG,Wages,USD_PPP,"US dollars, PPP converted",A,Annual,Q,Constant prices,MEAN,Mean,_Z,Not applicable,2011,,55199.061,,2024,,A,Normal value,0,Units,0,Zero
DATAFLOW,OECD.ELS.SAE:DSD_EARNINGS@AV_AN_WAGE(1.0),Average annual wages,I,OECD,OECD,WG,Wages,USD_PPP,"US dollars, PPP converted",A,Annual,Q,Constant prices,MEAN,Mean,_Z,Not applicable,2012,,55249.585,,2024,,A,Normal value,0,Units,0,Zero
DATAFLOW,OECD.ELS.SAE:DSD_EARNINGS@AV_AN_WAGE(1.0),Average annual wages,I,OECD,OECD,WG,Wages,USD_PPP,"US dollars, PPP converted",A,Annual,Q,Constant prices,MEAN,Mean,_Z,Not applicable,2013,,55471.14,,2024,,A,Normal value,0,Units,0,Zero
DATAFLOW,OECD.ELS.SAE:DSD_EARNINGS@AV_AN_WAGE(1.0),Average annual wages,I,OECD,OECD,WG,Wages,USD_PPP,"US dollars, PPP converted",A,Annual,Q,Constant prices,MEAN,Mean,_Z,Not applicable,2014,,55920.538,,2024,,A,Normal value,0,Units,0,Zero
DATAFLOW,OECD.ELS.SAE:DSD_EARNINGS@AV_AN_WAGE(1.0),Average annual wages,I,OECD,OECD,WG,Wages,USD_PPP,"US dollars, PPP converted",A,Annual,Q,Constant prices,MEAN,Mean,_Z,Not applicable,2015,,56833.486,,2024,,A,Normal value,0,Units,0,Zero
DATAFLOW,OECD.ELS.SAE:DSD_EARNINGS@AV_AN_WAGE(1.0),Average annual wages,I,OECD,OECD,WG,Wages,USD_PPP,"US dollars, PPP converted",A,Annual,Q,Constant prices,MEAN,Mean,_Z,Not applicable,2016,,57328.166,,2024,,A,Normal value,0,Units,0,Zero
DATAFLOW,OECD.ELS.SAE:DSD_EARNINGS@AV_AN_WAGE(1.0),Average annual wages,I,OECD,OECD,WG,Wages,USD_PPP,"US dollars, PPP converted",A,Annual,Q,Constant prices,MEAN,Mean,_Z,Not applicable,2017,,57744.348,,2024,,A,Normal value,0,Units,0,Zero
DATAFLOW,OECD.ELS.SAE:DSD_EARNINGS@AV_AN_WAGE(1.0),Average annual wages,I,OECD,OECD,WG,Wages,USD_PPP,"US dollars, PPP converted",A,Annual,Q,Constant prices,MEAN,Mean,_Z,Not applicable,2018,,58613.165,,2024,,A,Normal value,0,Units,0,Zero
DATAFLOW,OECD.ELS.SAE:DSD_EARNINGS@AV_AN_WAGE(1.0),Average annual wages,I,OECD,OECD,WG,Wages,USD_PPP,"US dollars, PPP converted",A,Annual,Q,Constant prices,MEAN,Mean,_Z,Not applicable,2019,,59607.695,,2024,,A,Normal value,0,Units,0,Zero
DATAFLOW,OECD.ELS.SAE:DSD_EARNINGS@AV_AN_WAGE(1.0),Average annual wages,I,OECD,OECD,WG,Wages,USD_PPP,"US dollars, PPP converted",A,Annual,Q,Constant prices,MEAN,Mean,_Z,Not applicable,2020,,60527.928,,2024,,A,Normal value,0,Units,0,Zero
DATAFLOW,OECD.ELS.SAE:DSD_EARNINGS@AV_AN_WAGE(1.0),Average annual wages,I,OECD,OECD,WG,Wages,USD_PPP,"US dollars, PPP converted",A,Annual,Q,Constant prices,MEAN,Mean,_Z,Not applicable,2021,,61507.517,,2024,,A,Normal value,0,Units,0,Zero
DATAFLOW,OECD.ELS.SAE:DSD_EARNINGS@AV_AN_WAGE(1.0),Average annual wages,I,OECD,OECD,WG,Wages,USD_PPP,"US dollars, PPP converted",A,Annual,Q,Constant prices,MEAN,Mean,_Z,Not applicable,2022,,60201.129,,2024,,A,Normal value,0,Units,0,Zero
DATAFLOW,OECD.ELS.SAE:DSD_EARNINGS@AV_AN_WAGE(1.0),Average annual wages,I,OECD,OECD,WG,Wages,USD_PPP,"US dollars, PPP converted",A,Annual,Q,Constant prices,MEAN,Mean,_Z,Not applicable,2023,,60495.713,,2024,,A,Normal value,0,Units,0,Zero
DATAFLOW,OECD.ELS.SAE:DSD_EARNINGS@AV_AN_WAGE(1.0),Average annual wages,I,OECD,OECD,WG,Wages,USD_PPP,"US dollars, PPP converted",A,Annual,Q,Constant prices,MEAN,Mean,_Z,Not applicable,2024,,61146.947,,2024,,A,Normal value,0,Units,0,Zero
